index,timestamp,rgb_file,depth_file
0,1743437534.897580,images/frame_000000.png,depth/frame_000000.png
1,1743437534.931007,images/frame_000001.png,depth/frame_000001.png
2,1743437534.961527,images/frame_000002.png,depth/frame_000002.png
3,1743437534.992629,images/frame_000003.png,depth/frame_000003.png
4,1743437535.027001,images/frame_000004.png,depth/frame_000004.png
5,1743437535.059775,images/frame_000005.png,depth/frame_000005.png
6,1743437535.095031,images/frame_000006.png,depth/frame_000006.png
7,1743437535.126230,images/frame_000007.png,depth/frame_000007.png
8,1743437535.160979,images/frame_000008.png,depth/frame_000008.png
9,1743437535.193033,images/frame_000009.png,depth/frame_000009.png
10,1743437535.229421,images/frame_000010.png,depth/frame_000010.png
11,1743437535.264534,images/frame_000011.png,depth/frame_000011.png
12,1743437535.294297,images/frame_000012.png,depth/frame_000012.png
13,1743437535.323108,images/frame_000013.png,depth/frame_000013.png
14,1743437535.357494,images/frame_000014.png,depth/frame_000014.png
15,1743437535.394688,images/frame_000015.png,depth/frame_000015.png
16,1743437535.424510,images/frame_000016.png,depth/frame_000016.png
17,1743437535.457851,images/frame_000017.png,depth/frame_000017.png
18,1743437535.492553,images/frame_000018.png,depth/frame_000018.png
19,1743437535.527013,images/frame_000019.png,depth/frame_000019.png
20,1743437535.560096,images/frame_000020.png,depth/frame_000020.png
21,1743437535.593794,images/frame_000021.png,depth/frame_000021.png
22,1743437535.622270,images/frame_000022.png,depth/frame_000022.png
23,1743437535.655610,images/frame_000023.png,depth/frame_000023.png
24,1743437535.688892,images/frame_000024.png,depth/frame_000024.png
25,1743437535.723662,images/frame_000025.png,depth/frame_000025.png
26,1743437535.758336,images/frame_000026.png,depth/frame_000026.png
27,1743437535.789611,images/frame_000027.png,depth/frame_000027.png
28,1743437535.825417,images/frame_000028.png,depth/frame_000028.png
29,1743437535.854981,images/frame_000029.png,depth/frame_000029.png
30,1743437535.892132,images/frame_000030.png,depth/frame_000030.png
31,1743437535.925919,images/frame_000031.png,depth/frame_000031.png
32,1743437535.957843,images/frame_000032.png,depth/frame_000032.png
33,1743437535.987318,images/frame_000033.png,depth/frame_000033.png
34,1743437536.020175,images/frame_000034.png,depth/frame_000034.png
35,1743437536.054293,images/frame_000035.png,depth/frame_000035.png
36,1743437536.085865,images/frame_000036.png,depth/frame_000036.png
37,1743437536.122125,images/frame_000037.png,depth/frame_000037.png
38,1743437536.154569,images/frame_000038.png,depth/frame_000038.png
39,1743437536.188119,images/frame_000039.png,depth/frame_000039.png
40,1743437536.223687,images/frame_000040.png,depth/frame_000040.png
41,1743437536.258495,images/frame_000041.png,depth/frame_000041.png
42,1743437536.291348,images/frame_000042.png,depth/frame_000042.png
43,1743437536.321086,images/frame_000043.png,depth/frame_000043.png
44,1743437536.356358,images/frame_000044.png,depth/frame_000044.png
45,1743437536.386145,images/frame_000045.png,depth/frame_000045.png
46,1743437536.421738,images/frame_000046.png,depth/frame_000046.png
47,1743437536.454003,images/frame_000047.png,depth/frame_000047.png
48,1743437536.485622,images/frame_000048.png,depth/frame_000048.png
49,1743437536.518560,images/frame_000049.png,depth/frame_000049.png
50,1743437536.551553,images/frame_000050.png,depth/frame_000050.png
51,1743437536.584199,images/frame_000051.png,depth/frame_000051.png
52,1743437536.616318,images/frame_000052.png,depth/frame_000052.png
53,1743437536.650243,images/frame_000053.png,depth/frame_000053.png
54,1743437536.689204,images/frame_000054.png,depth/frame_000054.png
55,1743437536.720826,images/frame_000055.png,depth/frame_000055.png
56,1743437536.751050,images/frame_000056.png,depth/frame_000056.png
57,1743437536.783197,images/frame_000057.png,depth/frame_000057.png
58,1743437536.818958,images/frame_000058.png,depth/frame_000058.png
59,1743437536.851996,images/frame_000059.png,depth/frame_000059.png
60,1743437536.895672,images/frame_000060.png,depth/frame_000060.png
61,1743437536.918137,images/frame_000061.png,depth/frame_000061.png
62,1743437536.952713,images/frame_000062.png,depth/frame_000062.png
63,1743437536.986796,images/frame_000063.png,depth/frame_000063.png
64,1743437537.018034,images/frame_000064.png,depth/frame_000064.png
65,1743437537.054413,images/frame_000065.png,depth/frame_000065.png
66,1743437537.086009,images/frame_000066.png,depth/frame_000066.png
67,1743437537.120195,images/frame_000067.png,depth/frame_000067.png
68,1743437537.152351,images/frame_000068.png,depth/frame_000068.png
69,1743437537.186759,images/frame_000069.png,depth/frame_000069.png
70,1743437537.218223,images/frame_000070.png,depth/frame_000070.png
71,1743437537.252007,images/frame_000071.png,depth/frame_000071.png
72,1743437537.283377,images/frame_000072.png,depth/frame_000072.png
73,1743437537.318069,images/frame_000073.png,depth/frame_000073.png
74,1743437537.354131,images/frame_000074.png,depth/frame_000074.png
75,1743437537.384722,images/frame_000075.png,depth/frame_000075.png
76,1743437537.420509,images/frame_000076.png,depth/frame_000076.png
77,1743437537.451116,images/frame_000077.png,depth/frame_000077.png
78,1743437537.485138,images/frame_000078.png,depth/frame_000078.png
79,1743437537.519346,images/frame_000079.png,depth/frame_000079.png
80,1743437537.550035,images/frame_000080.png,depth/frame_000080.png
81,1743437537.580428,images/frame_000081.png,depth/frame_000081.png
82,1743437537.615377,images/frame_000082.png,depth/frame_000082.png
83,1743437537.648516,images/frame_000083.png,depth/frame_000083.png
84,1743437537.680055,images/frame_000084.png,depth/frame_000084.png
85,1743437537.713701,images/frame_000085.png,depth/frame_000085.png
86,1743437537.744756,images/frame_000086.png,depth/frame_000086.png
87,1743437537.781295,images/frame_000087.png,depth/frame_000087.png
88,1743437537.814616,images/frame_000088.png,depth/frame_000088.png
89,1743437537.848247,images/frame_000089.png,depth/frame_000089.png
90,1743437537.882007,images/frame_000090.png,depth/frame_000090.png
91,1743437537.916732,images/frame_000091.png,depth/frame_000091.png
92,1743437537.948466,images/frame_000092.png,depth/frame_000092.png
93,1743437537.981648,images/frame_000093.png,depth/frame_000093.png
94,1743437538.014560,images/frame_000094.png,depth/frame_000094.png
95,1743437538.048208,images/frame_000095.png,depth/frame_000095.png
96,1743437538.079896,images/frame_000096.png,depth/frame_000096.png
97,1743437538.114146,images/frame_000097.png,depth/frame_000097.png
98,1743437538.147198,images/frame_000098.png,depth/frame_000098.png
99,1743437538.181795,images/frame_000099.png,depth/frame_000099.png
100,1743437538.214092,images/frame_000100.png,depth/frame_000100.png
101,1743437538.245169,images/frame_000101.png,depth/frame_000101.png
102,1743437538.276783,images/frame_000102.png,depth/frame_000102.png
103,1743437538.310004,images/frame_000103.png,depth/frame_000103.png
104,1743437538.347438,images/frame_000104.png,depth/frame_000104.png
105,1743437538.382874,images/frame_000105.png,depth/frame_000105.png
106,1743437538.413185,images/frame_000106.png,depth/frame_000106.png
107,1743437538.440979,images/frame_000107.png,depth/frame_000107.png
108,1743437538.476568,images/frame_000108.png,depth/frame_000108.png
109,1743437538.511912,images/frame_000109.png,depth/frame_000109.png
110,1743437538.543662,images/frame_000110.png,depth/frame_000110.png
111,1743437538.575921,images/frame_000111.png,depth/frame_000111.png
112,1743437538.608467,images/frame_000112.png,depth/frame_000112.png
113,1743437538.645152,images/frame_000113.png,depth/frame_000113.png
114,1743437538.675092,images/frame_000114.png,depth/frame_000114.png
115,1743437538.710843,images/frame_000115.png,depth/frame_000115.png
116,1743437538.744211,images/frame_000116.png,depth/frame_000116.png
117,1743437538.776319,images/frame_000117.png,depth/frame_000117.png
118,1743437538.809992,images/frame_000118.png,depth/frame_000118.png
119,1743437538.842039,images/frame_000119.png,depth/frame_000119.png
120,1743437538.877721,images/frame_000120.png,depth/frame_000120.png
121,1743437538.907035,images/frame_000121.png,depth/frame_000121.png
122,1743437538.940103,images/frame_000122.png,depth/frame_000122.png
123,1743437538.974499,images/frame_000123.png,depth/frame_000123.png
124,1743437539.009305,images/frame_000124.png,depth/frame_000124.png
125,1743437539.042644,images/frame_000125.png,depth/frame_000125.png
126,1743437539.073375,images/frame_000126.png,depth/frame_000126.png
127,1743437539.111251,images/frame_000127.png,depth/frame_000127.png
128,1743437539.143516,images/frame_000128.png,depth/frame_000128.png
129,1743437539.176480,images/frame_000129.png,depth/frame_000129.png
130,1743437539.208871,images/frame_000130.png,depth/frame_000130.png
131,1743437539.243445,images/frame_000131.png,depth/frame_000131.png
132,1743437539.275023,images/frame_000132.png,depth/frame_000132.png
133,1743437539.312028,images/frame_000133.png,depth/frame_000133.png
134,1743437539.343712,images/frame_000134.png,depth/frame_000134.png
135,1743437539.378226,images/frame_000135.png,depth/frame_000135.png
136,1743437539.405811,images/frame_000136.png,depth/frame_000136.png
137,1743437539.437373,images/frame_000137.png,depth/frame_000137.png
138,1743437539.471155,images/frame_000138.png,depth/frame_000138.png
139,1743437539.505939,images/frame_000139.png,depth/frame_000139.png
140,1743437539.538752,images/frame_000140.png,depth/frame_000140.png
141,1743437539.572109,images/frame_000141.png,depth/frame_000141.png
142,1743437539.603423,images/frame_000142.png,depth/frame_000142.png
143,1743437539.638755,images/frame_000143.png,depth/frame_000143.png
144,1743437539.670255,images/frame_000144.png,depth/frame_000144.png
145,1743437539.704978,images/frame_000145.png,depth/frame_000145.png
146,1743437539.739005,images/frame_000146.png,depth/frame_000146.png
147,1743437539.771799,images/frame_000147.png,depth/frame_000147.png
148,1743437539.806348,images/frame_000148.png,depth/frame_000148.png
149,1743437539.841570,images/frame_000149.png,depth/frame_000149.png
150,1743437539.873329,images/frame_000150.png,depth/frame_000150.png
151,1743437539.905687,images/frame_000151.png,depth/frame_000151.png
152,1743437539.941769,images/frame_000152.png,depth/frame_000152.png
153,1743437539.970358,images/frame_000153.png,depth/frame_000153.png
154,1743437540.003227,images/frame_000154.png,depth/frame_000154.png
155,1743437540.036363,images/frame_000155.png,depth/frame_000155.png
156,1743437540.072117,images/frame_000156.png,depth/frame_000156.png
157,1743437540.106704,images/frame_000157.png,depth/frame_000157.png
158,1743437540.140090,images/frame_000158.png,depth/frame_000158.png
159,1743437540.170340,images/frame_000159.png,depth/frame_000159.png
160,1743437540.202826,images/frame_000160.png,depth/frame_000160.png
161,1743437540.236255,images/frame_000161.png,depth/frame_000161.png
162,1743437540.269079,images/frame_000162.png,depth/frame_000162.png
163,1743437540.301996,images/frame_000163.png,depth/frame_000163.png
164,1743437540.339485,images/frame_000164.png,depth/frame_000164.png
165,1743437540.372624,images/frame_000165.png,depth/frame_000165.png
166,1743437540.402417,images/frame_000166.png,depth/frame_000166.png
167,1743437540.436980,images/frame_000167.png,depth/frame_000167.png
168,1743437540.470163,images/frame_000168.png,depth/frame_000168.png
169,1743437540.504941,images/frame_000169.png,depth/frame_000169.png
170,1743437540.539070,images/frame_000170.png,depth/frame_000170.png
171,1743437540.587544,images/frame_000171.png,depth/frame_000171.png
172,1743437540.605958,images/frame_000172.png,depth/frame_000172.png
173,1743437540.635806,images/frame_000173.png,depth/frame_000173.png
174,1743437540.668264,images/frame_000174.png,depth/frame_000174.png
175,1743437540.702873,images/frame_000175.png,depth/frame_000175.png
176,1743437540.738034,images/frame_000176.png,depth/frame_000176.png
177,1743437540.767045,images/frame_000177.png,depth/frame_000177.png
178,1743437540.799863,images/frame_000178.png,depth/frame_000178.png
179,1743437540.834057,images/frame_000179.png,depth/frame_000179.png
180,1743437540.864296,images/frame_000180.png,depth/frame_000180.png
181,1743437540.897241,images/frame_000181.png,depth/frame_000181.png
182,1743437540.931963,images/frame_000182.png,depth/frame_000182.png
183,1743437540.969441,images/frame_000183.png,depth/frame_000183.png
184,1743437541.001118,images/frame_000184.png,depth/frame_000184.png
185,1743437541.033918,images/frame_000185.png,depth/frame_000185.png
186,1743437541.065878,images/frame_000186.png,depth/frame_000186.png
187,1743437541.099161,images/frame_000187.png,depth/frame_000187.png
188,1743437541.131882,images/frame_000188.png,depth/frame_000188.png
189,1743437541.172290,images/frame_000189.png,depth/frame_000189.png
190,1743437541.200972,images/frame_000190.png,depth/frame_000190.png
191,1743437541.234152,images/frame_000191.png,depth/frame_000191.png
192,1743437541.267568,images/frame_000192.png,depth/frame_000192.png
193,1743437541.305989,images/frame_000193.png,depth/frame_000193.png
194,1743437541.336976,images/frame_000194.png,depth/frame_000194.png
195,1743437541.365636,images/frame_000195.png,depth/frame_000195.png
196,1743437541.396677,images/frame_000196.png,depth/frame_000196.png
197,1743437541.428387,images/frame_000197.png,depth/frame_000197.png
198,1743437541.463592,images/frame_000198.png,depth/frame_000198.png
199,1743437541.499218,images/frame_000199.png,depth/frame_000199.png
200,1743437541.531488,images/frame_000200.png,depth/frame_000200.png
201,1743437541.563643,images/frame_000201.png,depth/frame_000201.png
202,1743437541.595283,images/frame_000202.png,depth/frame_000202.png
203,1743437541.627574,images/frame_000203.png,depth/frame_000203.png
204,1743437541.661004,images/frame_000204.png,depth/frame_000204.png
205,1743437541.695841,images/frame_000205.png,depth/frame_000205.png
206,1743437541.726130,images/frame_000206.png,depth/frame_000206.png
207,1743437541.760425,images/frame_000207.png,depth/frame_000207.png
208,1743437541.794450,images/frame_000208.png,depth/frame_000208.png
209,1743437541.828413,images/frame_000209.png,depth/frame_000209.png
210,1743437541.861632,images/frame_000210.png,depth/frame_000210.png
211,1743437541.894727,images/frame_000211.png,depth/frame_000211.png
212,1743437541.931970,images/frame_000212.png,depth/frame_000212.png
213,1743437541.962432,images/frame_000213.png,depth/frame_000213.png
214,1743437541.995500,images/frame_000214.png,depth/frame_000214.png
215,1743437542.026544,images/frame_000215.png,depth/frame_000215.png
216,1743437542.060244,images/frame_000216.png,depth/frame_000216.png
217,1743437542.099606,images/frame_000217.png,depth/frame_000217.png
218,1743437542.128697,images/frame_000218.png,depth/frame_000218.png
219,1743437542.161118,images/frame_000219.png,depth/frame_000219.png
220,1743437542.193280,images/frame_000220.png,depth/frame_000220.png
221,1743437542.230006,images/frame_000221.png,depth/frame_000221.png
222,1743437542.261157,images/frame_000222.png,depth/frame_000222.png
223,1743437542.292954,images/frame_000223.png,depth/frame_000223.png
224,1743437542.328221,images/frame_000224.png,depth/frame_000224.png
225,1743437542.362971,images/frame_000225.png,depth/frame_000225.png
226,1743437542.394695,images/frame_000226.png,depth/frame_000226.png
227,1743437542.425131,images/frame_000227.png,depth/frame_000227.png
228,1743437542.459894,images/frame_000228.png,depth/frame_000228.png
229,1743437542.492454,images/frame_000229.png,depth/frame_000229.png
230,1743437542.527418,images/frame_000230.png,depth/frame_000230.png
231,1743437542.560075,images/frame_000231.png,depth/frame_000231.png
232,1743437542.593167,images/frame_000232.png,depth/frame_000232.png
233,1743437542.626716,images/frame_000233.png,depth/frame_000233.png
234,1743437542.665503,images/frame_000234.png,depth/frame_000234.png
235,1743437542.691042,images/frame_000235.png,depth/frame_000235.png
236,1743437542.723172,images/frame_000236.png,depth/frame_000236.png
237,1743437542.759923,images/frame_000237.png,depth/frame_000237.png
238,1743437542.791507,images/frame_000238.png,depth/frame_000238.png
239,1743437542.824286,images/frame_000239.png,depth/frame_000239.png
240,1743437542.855773,images/frame_000240.png,depth/frame_000240.png
241,1743437542.886322,images/frame_000241.png,depth/frame_000241.png
242,1743437542.920517,images/frame_000242.png,depth/frame_000242.png
243,1743437542.963845,images/frame_000243.png,depth/frame_000243.png
244,1743437542.991116,images/frame_000244.png,depth/frame_000244.png
245,1743437543.025222,images/frame_000245.png,depth/frame_000245.png
246,1743437543.057395,images/frame_000246.png,depth/frame_000246.png
247,1743437543.088021,images/frame_000247.png,depth/frame_000247.png
248,1743437543.121910,images/frame_000248.png,depth/frame_000248.png
249,1743437543.154993,images/frame_000249.png,depth/frame_000249.png
250,1743437543.189241,images/frame_000250.png,depth/frame_000250.png
251,1743437543.220464,images/frame_000251.png,depth/frame_000251.png
252,1743437543.252330,images/frame_000252.png,depth/frame_000252.png
253,1743437543.289591,images/frame_000253.png,depth/frame_000253.png
254,1743437543.322292,images/frame_000254.png,depth/frame_000254.png
255,1743437543.352861,images/frame_000255.png,depth/frame_000255.png
256,1743437543.385474,images/frame_000256.png,depth/frame_000256.png
257,1743437543.416711,images/frame_000257.png,depth/frame_000257.png
258,1743437543.450191,images/frame_000258.png,depth/frame_000258.png
259,1743437543.487233,images/frame_000259.png,depth/frame_000259.png
260,1743437543.519997,images/frame_000260.png,depth/frame_000260.png
261,1743437543.552105,images/frame_000261.png,depth/frame_000261.png
262,1743437543.585496,images/frame_000262.png,depth/frame_000262.png
263,1743437543.618691,images/frame_000263.png,depth/frame_000263.png
264,1743437543.650714,images/frame_000264.png,depth/frame_000264.png
265,1743437543.681922,images/frame_000265.png,depth/frame_000265.png
266,1743437543.717354,images/frame_000266.png,depth/frame_000266.png
267,1743437543.755451,images/frame_000267.png,depth/frame_000267.png
268,1743437543.786952,images/frame_000268.png,depth/frame_000268.png
269,1743437543.820026,images/frame_000269.png,depth/frame_000269.png
270,1743437543.855352,images/frame_000270.png,depth/frame_000270.png
271,1743437543.883150,images/frame_000271.png,depth/frame_000271.png
272,1743437543.918735,images/frame_000272.png,depth/frame_000272.png
273,1743437543.953132,images/frame_000273.png,depth/frame_000273.png
274,1743437543.986827,images/frame_000274.png,depth/frame_000274.png
275,1743437544.019600,images/frame_000275.png,depth/frame_000275.png
276,1743437544.052597,images/frame_000276.png,depth/frame_000276.png
277,1743437544.091527,images/frame_000277.png,depth/frame_000277.png
278,1743437544.118885,images/frame_000278.png,depth/frame_000278.png
279,1743437544.153286,images/frame_000279.png,depth/frame_000279.png
280,1743437544.189202,images/frame_000280.png,depth/frame_000280.png
281,1743437544.218159,images/frame_000281.png,depth/frame_000281.png
282,1743437544.250393,images/frame_000282.png,depth/frame_000282.png
283,1743437544.285465,images/frame_000283.png,depth/frame_000283.png
284,1743437544.315797,images/frame_000284.png,depth/frame_000284.png
285,1743437544.347712,images/frame_000285.png,depth/frame_000285.png
286,1743437544.380333,images/frame_000286.png,depth/frame_000286.png
287,1743437544.415102,images/frame_000287.png,depth/frame_000287.png
288,1743437544.451513,images/frame_000288.png,depth/frame_000288.png
289,1743437544.482364,images/frame_000289.png,depth/frame_000289.png
290,1743437544.514288,images/frame_000290.png,depth/frame_000290.png
291,1743437544.546103,images/frame_000291.png,depth/frame_000291.png
292,1743437544.578564,images/frame_000292.png,depth/frame_000292.png
293,1743437544.614220,images/frame_000293.png,depth/frame_000293.png
294,1743437544.650290,images/frame_000294.png,depth/frame_000294.png
295,1743437544.682868,images/frame_000295.png,depth/frame_000295.png
296,1743437544.714799,images/frame_000296.png,depth/frame_000296.png
297,1743437544.747103,images/frame_000297.png,depth/frame_000297.png
298,1743437544.782975,images/frame_000298.png,depth/frame_000298.png
299,1743437544.815952,images/frame_000299.png,depth/frame_000299.png
300,1743437544.845829,images/frame_000300.png,depth/frame_000300.png
301,1743437544.883950,images/frame_000301.png,depth/frame_000301.png
302,1743437544.916060,images/frame_000302.png,depth/frame_000302.png
303,1743437544.952708,images/frame_000303.png,depth/frame_000303.png
304,1743437544.980740,images/frame_000304.png,depth/frame_000304.png
305,1743437545.012750,images/frame_000305.png,depth/frame_000305.png
306,1743437545.045349,images/frame_000306.png,depth/frame_000306.png
307,1743437545.079788,images/frame_000307.png,depth/frame_000307.png
308,1743437545.113593,images/frame_000308.png,depth/frame_000308.png
309,1743437545.149812,images/frame_000309.png,depth/frame_000309.png
310,1743437545.182269,images/frame_000310.png,depth/frame_000310.png
311,1743437545.217365,images/frame_000311.png,depth/frame_000311.png
312,1743437545.250065,images/frame_000312.png,depth/frame_000312.png
313,1743437545.279710,images/frame_000313.png,depth/frame_000313.png
314,1743437545.314750,images/frame_000314.png,depth/frame_000314.png
315,1743437545.345568,images/frame_000315.png,depth/frame_000315.png
316,1743437545.376344,images/frame_000316.png,depth/frame_000316.png
317,1743437545.413870,images/frame_000317.png,depth/frame_000317.png
318,1743437545.446598,images/frame_000318.png,depth/frame_000318.png
319,1743437545.494876,images/frame_000319.png,depth/frame_000319.png
320,1743437545.512129,images/frame_000320.png,depth/frame_000320.png
321,1743437545.547710,images/frame_000321.png,depth/frame_000321.png
322,1743437545.575258,images/frame_000322.png,depth/frame_000322.png
323,1743437545.610496,images/frame_000323.png,depth/frame_000323.png
324,1743437545.639929,images/frame_000324.png,depth/frame_000324.png
325,1743437545.673968,images/frame_000325.png,depth/frame_000325.png
326,1743437545.708880,images/frame_000326.png,depth/frame_000326.png
327,1743437545.746550,images/frame_000327.png,depth/frame_000327.png
328,1743437545.776966,images/frame_000328.png,depth/frame_000328.png
329,1743437545.808261,images/frame_000329.png,depth/frame_000329.png
330,1743437545.852018,images/frame_000330.png,depth/frame_000330.png
331,1743437545.875021,images/frame_000331.png,depth/frame_000331.png
332,1743437545.906736,images/frame_000332.png,depth/frame_000332.png
333,1743437545.940561,images/frame_000333.png,depth/frame_000333.png
334,1743437545.974947,images/frame_000334.png,depth/frame_000334.png
335,1743437546.007869,images/frame_000335.png,depth/frame_000335.png
336,1743437546.039099,images/frame_000336.png,depth/frame_000336.png
337,1743437546.075839,images/frame_000337.png,depth/frame_000337.png
338,1743437546.108929,images/frame_000338.png,depth/frame_000338.png
339,1743437546.141381,images/frame_000339.png,depth/frame_000339.png
340,1743437546.174711,images/frame_000340.png,depth/frame_000340.png
341,1743437546.206234,images/frame_000341.png,depth/frame_000341.png
342,1743437546.240326,images/frame_000342.png,depth/frame_000342.png
343,1743437546.274466,images/frame_000343.png,depth/frame_000343.png
344,1743437546.309053,images/frame_000344.png,depth/frame_000344.png
345,1743437546.340549,images/frame_000345.png,depth/frame_000345.png
346,1743437546.375143,images/frame_000346.png,depth/frame_000346.png
347,1743437546.405782,images/frame_000347.png,depth/frame_000347.png
348,1743437546.437710,images/frame_000348.png,depth/frame_000348.png
349,1743437546.473622,images/frame_000349.png,depth/frame_000349.png
350,1743437546.503835,images/frame_000350.png,depth/frame_000350.png
351,1743437546.538014,images/frame_000351.png,depth/frame_000351.png
352,1743437546.571670,images/frame_000352.png,depth/frame_000352.png
353,1743437546.605734,images/frame_000353.png,depth/frame_000353.png
354,1743437546.638807,images/frame_000354.png,depth/frame_000354.png
355,1743437546.673000,images/frame_000355.png,depth/frame_000355.png
356,1743437546.707131,images/frame_000356.png,depth/frame_000356.png
357,1743437546.736667,images/frame_000357.png,depth/frame_000357.png
358,1743437546.768859,images/frame_000358.png,depth/frame_000358.png
359,1743437546.803090,images/frame_000359.png,depth/frame_000359.png
360,1743437546.835351,images/frame_000360.png,depth/frame_000360.png
361,1743437546.868116,images/frame_000361.png,depth/frame_000361.png
362,1743437546.903217,images/frame_000362.png,depth/frame_000362.png
363,1743437546.935226,images/frame_000363.png,depth/frame_000363.png
364,1743437546.967289,images/frame_000364.png,depth/frame_000364.png
365,1743437547.001668,images/frame_000365.png,depth/frame_000365.png
366,1743437547.034497,images/frame_000366.png,depth/frame_000366.png
367,1743437547.067851,images/frame_000367.png,depth/frame_000367.png
368,1743437547.107474,images/frame_000368.png,depth/frame_000368.png
369,1743437547.138677,images/frame_000369.png,depth/frame_000369.png
370,1743437547.170678,images/frame_000370.png,depth/frame_000370.png
371,1743437547.201696,images/frame_000371.png,depth/frame_000371.png
372,1743437547.234464,images/frame_000372.png,depth/frame_000372.png
373,1743437547.266323,images/frame_000373.png,depth/frame_000373.png
374,1743437547.298497,images/frame_000374.png,depth/frame_000374.png
375,1743437547.331812,images/frame_000375.png,depth/frame_000375.png
376,1743437547.368215,images/frame_000376.png,depth/frame_000376.png
377,1743437547.402268,images/frame_000377.png,depth/frame_000377.png
378,1743437547.434795,images/frame_000378.png,depth/frame_000378.png
379,1743437547.470013,images/frame_000379.png,depth/frame_000379.png
380,1743437547.503090,images/frame_000380.png,depth/frame_000380.png
381,1743437547.532519,images/frame_000381.png,depth/frame_000381.png
382,1743437547.563828,images/frame_000382.png,depth/frame_000382.png
383,1743437547.597538,images/frame_000383.png,depth/frame_000383.png
384,1743437547.631619,images/frame_000384.png,depth/frame_000384.png
385,1743437547.666015,images/frame_000385.png,depth/frame_000385.png
386,1743437547.701049,images/frame_000386.png,depth/frame_000386.png
387,1743437547.733147,images/frame_000387.png,depth/frame_000387.png
388,1743437547.764841,images/frame_000388.png,depth/frame_000388.png
389,1743437547.800501,images/frame_000389.png,depth/frame_000389.png
390,1743437547.832980,images/frame_000390.png,depth/frame_000390.png
391,1743437547.867887,images/frame_000391.png,depth/frame_000391.png
392,1743437547.903280,images/frame_000392.png,depth/frame_000392.png
393,1743437547.932676,images/frame_000393.png,depth/frame_000393.png
394,1743437547.974072,images/frame_000394.png,depth/frame_000394.png
395,1743437548.000684,images/frame_000395.png,depth/frame_000395.png
396,1743437548.031914,images/frame_000396.png,depth/frame_000396.png
397,1743437548.063919,images/frame_000397.png,depth/frame_000397.png
398,1743437548.096877,images/frame_000398.png,depth/frame_000398.png
399,1743437548.132057,images/frame_000399.png,depth/frame_000399.png
400,1743437548.165120,images/frame_000400.png,depth/frame_000400.png
401,1743437548.196761,images/frame_000401.png,depth/frame_000401.png
402,1743437548.227859,images/frame_000402.png,depth/frame_000402.png
403,1743437548.259418,images/frame_000403.png,depth/frame_000403.png
404,1743437548.293743,images/frame_000404.png,depth/frame_000404.png
405,1743437548.327700,images/frame_000405.png,depth/frame_000405.png
406,1743437548.361176,images/frame_000406.png,depth/frame_000406.png
407,1743437548.396194,images/frame_000407.png,depth/frame_000407.png
408,1743437548.431982,images/frame_000408.png,depth/frame_000408.png
409,1743437548.464053,images/frame_000409.png,depth/frame_000409.png
410,1743437548.495759,images/frame_000410.png,depth/frame_000410.png
411,1743437548.530451,images/frame_000411.png,depth/frame_000411.png
412,1743437548.563179,images/frame_000412.png,depth/frame_000412.png
413,1743437548.595894,images/frame_000413.png,depth/frame_000413.png
414,1743437548.627634,images/frame_000414.png,depth/frame_000414.png
415,1743437548.663023,images/frame_000415.png,depth/frame_000415.png
416,1743437548.697128,images/frame_000416.png,depth/frame_000416.png
417,1743437548.731388,images/frame_000417.png,depth/frame_000417.png
418,1743437548.767284,images/frame_000418.png,depth/frame_000418.png
419,1743437548.797446,images/frame_000419.png,depth/frame_000419.png
420,1743437548.830287,images/frame_000420.png,depth/frame_000420.png
421,1743437548.864328,images/frame_000421.png,depth/frame_000421.png
422,1743437548.895166,images/frame_000422.png,depth/frame_000422.png
423,1743437548.926309,images/frame_000423.png,depth/frame_000423.png
424,1743437548.959031,images/frame_000424.png,depth/frame_000424.png
425,1743437548.994652,images/frame_000425.png,depth/frame_000425.png
426,1743437549.027635,images/frame_000426.png,depth/frame_000426.png
427,1743437549.061437,images/frame_000427.png,depth/frame_000427.png
428,1743437549.099587,images/frame_000428.png,depth/frame_000428.png
429,1743437549.131322,images/frame_000429.png,depth/frame_000429.png
430,1743437549.163045,images/frame_000430.png,depth/frame_000430.png
431,1743437549.196312,images/frame_000431.png,depth/frame_000431.png
432,1743437549.223763,images/frame_000432.png,depth/frame_000432.png
433,1743437549.260285,images/frame_000433.png,depth/frame_000433.png
434,1743437549.291953,images/frame_000434.png,depth/frame_000434.png
435,1743437549.326363,images/frame_000435.png,depth/frame_000435.png
436,1743437549.359026,images/frame_000436.png,depth/frame_000436.png
437,1743437549.392119,images/frame_000437.png,depth/frame_000437.png
438,1743437549.425835,images/frame_000438.png,depth/frame_000438.png
439,1743437549.461457,images/frame_000439.png,depth/frame_000439.png
440,1743437549.495275,images/frame_000440.png,depth/frame_000440.png
441,1743437549.525972,images/frame_000441.png,depth/frame_000441.png
442,1743437549.560597,images/frame_000442.png,depth/frame_000442.png
443,1743437549.596123,images/frame_000443.png,depth/frame_000443.png
444,1743437549.628305,images/frame_000444.png,depth/frame_000444.png
445,1743437549.654841,images/frame_000445.png,depth/frame_000445.png
446,1743437549.691253,images/frame_000446.png,depth/frame_000446.png
447,1743437549.727117,images/frame_000447.png,depth/frame_000447.png
448,1743437549.757128,images/frame_000448.png,depth/frame_000448.png
449,1743437549.787508,images/frame_000449.png,depth/frame_000449.png
450,1743437549.823721,images/frame_000450.png,depth/frame_000450.png
451,1743437549.857190,images/frame_000451.png,depth/frame_000451.png
452,1743437549.893303,images/frame_000452.png,depth/frame_000452.png
453,1743437549.928782,images/frame_000453.png,depth/frame_000453.png
454,1743437549.958375,images/frame_000454.png,depth/frame_000454.png
455,1743437549.990001,images/frame_000455.png,depth/frame_000455.png
456,1743437550.023518,images/frame_000456.png,depth/frame_000456.png
457,1743437550.053859,images/frame_000457.png,depth/frame_000457.png
458,1743437550.086471,images/frame_000458.png,depth/frame_000458.png
459,1743437550.120535,images/frame_000459.png,depth/frame_000459.png
460,1743437550.153294,images/frame_000460.png,depth/frame_000460.png
461,1743437550.187838,images/frame_000461.png,depth/frame_000461.png
462,1743437550.221835,images/frame_000462.png,depth/frame_000462.png
463,1743437550.255040,images/frame_000463.png,depth/frame_000463.png
464,1743437550.287588,images/frame_000464.png,depth/frame_000464.png
465,1743437550.317568,images/frame_000465.png,depth/frame_000465.png
466,1743437550.350221,images/frame_000466.png,depth/frame_000466.png
467,1743437550.388118,images/frame_000467.png,depth/frame_000467.png
468,1743437550.422875,images/frame_000468.png,depth/frame_000468.png
469,1743437550.453033,images/frame_000469.png,depth/frame_000469.png
470,1743437550.483160,images/frame_000470.png,depth/frame_000470.png
471,1743437550.518232,images/frame_000471.png,depth/frame_000471.png
472,1743437550.549892,images/frame_000472.png,depth/frame_000472.png
473,1743437550.586376,images/frame_000473.png,depth/frame_000473.png
474,1743437550.620551,images/frame_000474.png,depth/frame_000474.png
475,1743437550.654012,images/frame_000475.png,depth/frame_000475.png
476,1743437550.685616,images/frame_000476.png,depth/frame_000476.png
477,1743437550.715013,images/frame_000477.png,depth/frame_000477.png
478,1743437550.749424,images/frame_000478.png,depth/frame_000478.png
479,1743437550.782668,images/frame_000479.png,depth/frame_000479.png
480,1743437550.814192,images/frame_000480.png,depth/frame_000480.png
481,1743437550.849284,images/frame_000481.png,depth/frame_000481.png
482,1743437550.881206,images/frame_000482.png,depth/frame_000482.png
483,1743437550.913265,images/frame_000483.png,depth/frame_000483.png
484,1743437550.947374,images/frame_000484.png,depth/frame_000484.png
485,1743437550.979888,images/frame_000485.png,depth/frame_000485.png
486,1743437551.014860,images/frame_000486.png,depth/frame_000486.png
487,1743437551.049209,images/frame_000487.png,depth/frame_000487.png
488,1743437551.080533,images/frame_000488.png,depth/frame_000488.png
489,1743437551.113568,images/frame_000489.png,depth/frame_000489.png
490,1743437551.148293,images/frame_000490.png,depth/frame_000490.png
491,1743437551.183326,images/frame_000491.png,depth/frame_000491.png
492,1743437551.215476,images/frame_000492.png,depth/frame_000492.png
493,1743437551.247448,images/frame_000493.png,depth/frame_000493.png
494,1743437551.281452,images/frame_000494.png,depth/frame_000494.png
495,1743437551.315995,images/frame_000495.png,depth/frame_000495.png
496,1743437551.345706,images/frame_000496.png,depth/frame_000496.png
497,1743437551.379797,images/frame_000497.png,depth/frame_000497.png
498,1743437551.418499,images/frame_000498.png,depth/frame_000498.png
499,1743437551.447283,images/frame_000499.png,depth/frame_000499.png
500,1743437551.480478,images/frame_000500.png,depth/frame_000500.png
501,1743437551.515433,images/frame_000501.png,depth/frame_000501.png
502,1743437551.551520,images/frame_000502.png,depth/frame_000502.png
503,1743437551.580109,images/frame_000503.png,depth/frame_000503.png
504,1743437551.613875,images/frame_000504.png,depth/frame_000504.png
505,1743437551.644099,images/frame_000505.png,depth/frame_000505.png
506,1743437551.684747,images/frame_000506.png,depth/frame_000506.png
507,1743437551.718052,images/frame_000507.png,depth/frame_000507.png
508,1743437551.747335,images/frame_000508.png,depth/frame_000508.png
509,1743437551.780172,images/frame_000509.png,depth/frame_000509.png
510,1743437551.812706,images/frame_000510.png,depth/frame_000510.png
511,1743437551.845315,images/frame_000511.png,depth/frame_000511.png
512,1743437551.875529,images/frame_000512.png,depth/frame_000512.png
513,1743437551.909748,images/frame_000513.png,depth/frame_000513.png
514,1743437551.945823,images/frame_000514.png,depth/frame_000514.png
515,1743437551.978743,images/frame_000515.png,depth/frame_000515.png
516,1743437552.012642,images/frame_000516.png,depth/frame_000516.png
517,1743437552.046918,images/frame_000517.png,depth/frame_000517.png
518,1743437552.079849,images/frame_000518.png,depth/frame_000518.png
519,1743437552.114889,images/frame_000519.png,depth/frame_000519.png
520,1743437552.146510,images/frame_000520.png,depth/frame_000520.png
521,1743437552.179953,images/frame_000521.png,depth/frame_000521.png
522,1743437552.211549,images/frame_000522.png,depth/frame_000522.png
523,1743437552.248486,images/frame_000523.png,depth/frame_000523.png
524,1743437552.276572,images/frame_000524.png,depth/frame_000524.png
525,1743437552.311252,images/frame_000525.png,depth/frame_000525.png
526,1743437552.343176,images/frame_000526.png,depth/frame_000526.png
527,1743437552.375975,images/frame_000527.png,depth/frame_000527.png
528,1743437552.413413,images/frame_000528.png,depth/frame_000528.png
529,1743437552.446647,images/frame_000529.png,depth/frame_000529.png
530,1743437552.477472,images/frame_000530.png,depth/frame_000530.png
531,1743437552.509794,images/frame_000531.png,depth/frame_000531.png
532,1743437552.543347,images/frame_000532.png,depth/frame_000532.png
533,1743437552.574359,images/frame_000533.png,depth/frame_000533.png
534,1743437552.610232,images/frame_000534.png,depth/frame_000534.png
535,1743437552.643468,images/frame_000535.png,depth/frame_000535.png
536,1743437552.681312,images/frame_000536.png,depth/frame_000536.png
537,1743437552.712465,images/frame_000537.png,depth/frame_000537.png
538,1743437552.742600,images/frame_000538.png,depth/frame_000538.png
539,1743437552.774248,images/frame_000539.png,depth/frame_000539.png
540,1743437552.809369,images/frame_000540.png,depth/frame_000540.png
541,1743437552.841446,images/frame_000541.png,depth/frame_000541.png
542,1743437552.872992,images/frame_000542.png,depth/frame_000542.png
543,1743437552.908202,images/frame_000543.png,depth/frame_000543.png
544,1743437552.939472,images/frame_000544.png,depth/frame_000544.png
545,1743437552.973260,images/frame_000545.png,depth/frame_000545.png
546,1743437553.007510,images/frame_000546.png,depth/frame_000546.png
547,1743437553.041737,images/frame_000547.png,depth/frame_000547.png
548,1743437553.074111,images/frame_000548.png,depth/frame_000548.png
549,1743437553.110188,images/frame_000549.png,depth/frame_000549.png
550,1743437553.142052,images/frame_000550.png,depth/frame_000550.png
551,1743437553.177004,images/frame_000551.png,depth/frame_000551.png
552,1743437553.207245,images/frame_000552.png,depth/frame_000552.png
553,1743437553.240047,images/frame_000553.png,depth/frame_000553.png
554,1743437553.273892,images/frame_000554.png,depth/frame_000554.png
555,1743437553.311165,images/frame_000555.png,depth/frame_000555.png
556,1743437553.344562,images/frame_000556.png,depth/frame_000556.png
557,1743437553.373840,images/frame_000557.png,depth/frame_000557.png
558,1743437553.404209,images/frame_000558.png,depth/frame_000558.png
559,1743437553.436915,images/frame_000559.png,depth/frame_000559.png
560,1743437553.469440,images/frame_000560.png,depth/frame_000560.png
561,1743437553.505222,images/frame_000561.png,depth/frame_000561.png
562,1743437553.539320,images/frame_000562.png,depth/frame_000562.png
563,1743437553.572051,images/frame_000563.png,depth/frame_000563.png
564,1743437553.605902,images/frame_000564.png,depth/frame_000564.png
565,1743437553.638590,images/frame_000565.png,depth/frame_000565.png
566,1743437553.668749,images/frame_000566.png,depth/frame_000566.png
567,1743437553.700521,images/frame_000567.png,depth/frame_000567.png
568,1743437553.735285,images/frame_000568.png,depth/frame_000568.png
569,1743437553.772209,images/frame_000569.png,depth/frame_000569.png
570,1743437553.802728,images/frame_000570.png,depth/frame_000570.png
571,1743437553.836361,images/frame_000571.png,depth/frame_000571.png
572,1743437553.870503,images/frame_000572.png,depth/frame_000572.png
573,1743437553.904839,images/frame_000573.png,depth/frame_000573.png
574,1743437553.935225,images/frame_000574.png,depth/frame_000574.png
575,1743437553.965782,images/frame_000575.png,depth/frame_000575.png
576,1743437554.002891,images/frame_000576.png,depth/frame_000576.png
577,1743437554.044611,images/frame_000577.png,depth/frame_000577.png
578,1743437554.069530,images/frame_000578.png,depth/frame_000578.png
579,1743437554.102741,images/frame_000579.png,depth/frame_000579.png
580,1743437554.137188,images/frame_000580.png,depth/frame_000580.png
581,1743437554.168899,images/frame_000581.png,depth/frame_000581.png
582,1743437554.201341,images/frame_000582.png,depth/frame_000582.png
583,1743437554.233308,images/frame_000583.png,depth/frame_000583.png
584,1743437554.268341,images/frame_000584.png,depth/frame_000584.png
585,1743437554.301545,images/frame_000585.png,depth/frame_000585.png
586,1743437554.340269,images/frame_000586.png,depth/frame_000586.png
587,1743437554.369849,images/frame_000587.png,depth/frame_000587.png
588,1743437554.401115,images/frame_000588.png,depth/frame_000588.png
589,1743437554.436864,images/frame_000589.png,depth/frame_000589.png
590,1743437554.468341,images/frame_000590.png,depth/frame_000590.png
591,1743437554.502093,images/frame_000591.png,depth/frame_000591.png
592,1743437554.537615,images/frame_000592.png,depth/frame_000592.png
593,1743437554.566823,images/frame_000593.png,depth/frame_000593.png
594,1743437554.596768,images/frame_000594.png,depth/frame_000594.png
595,1743437554.631880,images/frame_000595.png,depth/frame_000595.png
596,1743437554.663298,images/frame_000596.png,depth/frame_000596.png
597,1743437554.695739,images/frame_000597.png,depth/frame_000597.png
598,1743437554.728578,images/frame_000598.png,depth/frame_000598.png
599,1743437554.763144,images/frame_000599.png,depth/frame_000599.png
600,1743437554.797087,images/frame_000600.png,depth/frame_000600.png
601,1743437554.831257,images/frame_000601.png,depth/frame_000601.png
602,1743437554.865740,images/frame_000602.png,depth/frame_000602.png
603,1743437554.894739,images/frame_000603.png,depth/frame_000603.png
604,1743437554.932500,images/frame_000604.png,depth/frame_000604.png
605,1743437554.963731,images/frame_000605.png,depth/frame_000605.png
606,1743437554.999081,images/frame_000606.png,depth/frame_000606.png
607,1743437555.032174,images/frame_000607.png,depth/frame_000607.png
608,1743437555.060946,images/frame_000608.png,depth/frame_000608.png
609,1743437555.094465,images/frame_000609.png,depth/frame_000609.png
610,1743437555.130909,images/frame_000610.png,depth/frame_000610.png
611,1743437555.163523,images/frame_000611.png,depth/frame_000611.png
612,1743437555.194462,images/frame_000612.png,depth/frame_000612.png
613,1743437555.228442,images/frame_000613.png,depth/frame_000613.png
614,1743437555.260312,images/frame_000614.png,depth/frame_000614.png
615,1743437555.291684,images/frame_000615.png,depth/frame_000615.png
616,1743437555.330038,images/frame_000616.png,depth/frame_000616.png
617,1743437555.362709,images/frame_000617.png,depth/frame_000617.png
618,1743437555.397348,images/frame_000618.png,depth/frame_000618.png
619,1743437555.431270,images/frame_000619.png,depth/frame_000619.png
620,1743437555.462926,images/frame_000620.png,depth/frame_000620.png
621,1743437555.495062,images/frame_000621.png,depth/frame_000621.png
622,1743437555.526670,images/frame_000622.png,depth/frame_000622.png
623,1743437555.558647,images/frame_000623.png,depth/frame_000623.png
624,1743437555.597512,images/frame_000624.png,depth/frame_000624.png
625,1743437555.630976,images/frame_000625.png,depth/frame_000625.png
626,1743437555.663880,images/frame_000626.png,depth/frame_000626.png
627,1743437555.696269,images/frame_000627.png,depth/frame_000627.png
628,1743437555.727499,images/frame_000628.png,depth/frame_000628.png
629,1743437555.760352,images/frame_000629.png,depth/frame_000629.png
630,1743437555.793073,images/frame_000630.png,depth/frame_000630.png
631,1743437555.826733,images/frame_000631.png,depth/frame_000631.png
632,1743437555.858059,images/frame_000632.png,depth/frame_000632.png
633,1743437555.891919,images/frame_000633.png,depth/frame_000633.png
634,1743437555.927286,images/frame_000634.png,depth/frame_000634.png
635,1743437555.960313,images/frame_000635.png,depth/frame_000635.png
636,1743437555.992590,images/frame_000636.png,depth/frame_000636.png
637,1743437556.028109,images/frame_000637.png,depth/frame_000637.png
638,1743437556.058570,images/frame_000638.png,depth/frame_000638.png
639,1743437556.094997,images/frame_000639.png,depth/frame_000639.png
640,1743437556.127426,images/frame_000640.png,depth/frame_000640.png
641,1743437556.160259,images/frame_000641.png,depth/frame_000641.png
642,1743437556.193164,images/frame_000642.png,depth/frame_000642.png
643,1743437556.229063,images/frame_000643.png,depth/frame_000643.png
644,1743437556.259020,images/frame_000644.png,depth/frame_000644.png
645,1743437556.292972,images/frame_000645.png,depth/frame_000645.png
646,1743437556.323508,images/frame_000646.png,depth/frame_000646.png
647,1743437556.356325,images/frame_000647.png,depth/frame_000647.png
648,1743437556.390132,images/frame_000648.png,depth/frame_000648.png
649,1743437556.422770,images/frame_000649.png,depth/frame_000649.png
650,1743437556.453972,images/frame_000650.png,depth/frame_000650.png
651,1743437556.486820,images/frame_000651.png,depth/frame_000651.png
652,1743437556.519883,images/frame_000652.png,depth/frame_000652.png
653,1743437556.556419,images/frame_000653.png,depth/frame_000653.png
654,1743437556.591325,images/frame_000654.png,depth/frame_000654.png
655,1743437556.624224,images/frame_000655.png,depth/frame_000655.png
656,1743437556.655280,images/frame_000656.png,depth/frame_000656.png
657,1743437556.689661,images/frame_000657.png,depth/frame_000657.png
658,1743437556.723718,images/frame_000658.png,depth/frame_000658.png
659,1743437556.752485,images/frame_000659.png,depth/frame_000659.png
660,1743437556.787101,images/frame_000660.png,depth/frame_000660.png
661,1743437556.820006,images/frame_000661.png,depth/frame_000661.png
662,1743437556.854082,images/frame_000662.png,depth/frame_000662.png
663,1743437556.894123,images/frame_000663.png,depth/frame_000663.png
664,1743437556.923043,images/frame_000664.png,depth/frame_000664.png
665,1743437556.951304,images/frame_000665.png,depth/frame_000665.png
666,1743437556.985100,images/frame_000666.png,depth/frame_000666.png
667,1743437557.018687,images/frame_000667.png,depth/frame_000667.png
668,1743437557.053256,images/frame_000668.png,depth/frame_000668.png
669,1743437557.084996,images/frame_000669.png,depth/frame_000669.png
670,1743437557.120543,images/frame_000670.png,depth/frame_000670.png
671,1743437557.154227,images/frame_000671.png,depth/frame_000671.png
672,1743437557.188075,images/frame_000672.png,depth/frame_000672.png
673,1743437557.222527,images/frame_000673.png,depth/frame_000673.png
674,1743437557.270618,images/frame_000674.png,depth/frame_000674.png
675,1743437557.285698,images/frame_000675.png,depth/frame_000675.png
676,1743437557.323551,images/frame_000676.png,depth/frame_000676.png
677,1743437557.352720,images/frame_000677.png,depth/frame_000677.png
678,1743437557.385291,images/frame_000678.png,depth/frame_000678.png
679,1743437557.419944,images/frame_000679.png,depth/frame_000679.png
680,1743437557.452872,images/frame_000680.png,depth/frame_000680.png
681,1743437557.492598,images/frame_000681.png,depth/frame_000681.png
682,1743437557.520323,images/frame_000682.png,depth/frame_000682.png
683,1743437557.557397,images/frame_000683.png,depth/frame_000683.png
684,1743437557.589955,images/frame_000684.png,depth/frame_000684.png
685,1743437557.621744,images/frame_000685.png,depth/frame_000685.png
686,1743437557.653352,images/frame_000686.png,depth/frame_000686.png
687,1743437557.687347,images/frame_000687.png,depth/frame_000687.png
688,1743437557.721908,images/frame_000688.png,depth/frame_000688.png
689,1743437557.754375,images/frame_000689.png,depth/frame_000689.png
690,1743437557.787109,images/frame_000690.png,depth/frame_000690.png
691,1743437557.818130,images/frame_000691.png,depth/frame_000691.png
692,1743437557.852571,images/frame_000692.png,depth/frame_000692.png
693,1743437557.885051,images/frame_000693.png,depth/frame_000693.png
694,1743437557.921215,images/frame_000694.png,depth/frame_000694.png
695,1743437557.951844,images/frame_000695.png,depth/frame_000695.png
696,1743437557.982697,images/frame_000696.png,depth/frame_000696.png
697,1743437558.014562,images/frame_000697.png,depth/frame_000697.png
698,1743437558.046376,images/frame_000698.png,depth/frame_000698.png
699,1743437558.080620,images/frame_000699.png,depth/frame_000699.png
700,1743437558.118893,images/frame_000700.png,depth/frame_000700.png
701,1743437558.148804,images/frame_000701.png,depth/frame_000701.png
702,1743437558.182603,images/frame_000702.png,depth/frame_000702.png
703,1743437558.217099,images/frame_000703.png,depth/frame_000703.png
704,1743437558.248156,images/frame_000704.png,depth/frame_000704.png
705,1743437558.283342,images/frame_000705.png,depth/frame_000705.png
706,1743437558.315849,images/frame_000706.png,depth/frame_000706.png
707,1743437558.348741,images/frame_000707.png,depth/frame_000707.png
708,1743437558.381391,images/frame_000708.png,depth/frame_000708.png
709,1743437558.416063,images/frame_000709.png,depth/frame_000709.png
710,1743437558.447150,images/frame_000710.png,depth/frame_000710.png
711,1743437558.478493,images/frame_000711.png,depth/frame_000711.png
712,1743437558.512257,images/frame_000712.png,depth/frame_000712.png
713,1743437558.546913,images/frame_000713.png,depth/frame_000713.png
714,1743437558.579244,images/frame_000714.png,depth/frame_000714.png
715,1743437558.613288,images/frame_000715.png,depth/frame_000715.png
716,1743437558.644435,images/frame_000716.png,depth/frame_000716.png
717,1743437558.679233,images/frame_000717.png,depth/frame_000717.png
718,1743437558.713963,images/frame_000718.png,depth/frame_000718.png
719,1743437558.746192,images/frame_000719.png,depth/frame_000719.png
720,1743437558.781314,images/frame_000720.png,depth/frame_000720.png
721,1743437558.811983,images/frame_000721.png,depth/frame_000721.png
722,1743437558.847157,images/frame_000722.png,depth/frame_000722.png
723,1743437558.880868,images/frame_000723.png,depth/frame_000723.png
724,1743437558.910064,images/frame_000724.png,depth/frame_000724.png
725,1743437558.944446,images/frame_000725.png,depth/frame_000725.png
726,1743437558.980610,images/frame_000726.png,depth/frame_000726.png
727,1743437559.010114,images/frame_000727.png,depth/frame_000727.png
728,1743437559.043952,images/frame_000728.png,depth/frame_000728.png
729,1743437559.075882,images/frame_000729.png,depth/frame_000729.png
730,1743437559.108693,images/frame_000730.png,depth/frame_000730.png
731,1743437559.142052,images/frame_000731.png,depth/frame_000731.png
732,1743437559.175884,images/frame_000732.png,depth/frame_000732.png
733,1743437559.212744,images/frame_000733.png,depth/frame_000733.png
734,1743437559.245275,images/frame_000734.png,depth/frame_000734.png
735,1743437559.278516,images/frame_000735.png,depth/frame_000735.png
736,1743437559.311059,images/frame_000736.png,depth/frame_000736.png
737,1743437559.361944,images/frame_000737.png,depth/frame_000737.png
738,1743437559.380585,images/frame_000738.png,depth/frame_000738.png
739,1743437559.416911,images/frame_000739.png,depth/frame_000739.png
740,1743437559.444390,images/frame_000740.png,depth/frame_000740.png
741,1743437559.479103,images/frame_000741.png,depth/frame_000741.png
742,1743437559.509918,images/frame_000742.png,depth/frame_000742.png
743,1743437559.543652,images/frame_000743.png,depth/frame_000743.png
744,1743437559.575713,images/frame_000744.png,depth/frame_000744.png
745,1743437559.610898,images/frame_000745.png,depth/frame_000745.png
746,1743437559.644896,images/frame_000746.png,depth/frame_000746.png
747,1743437559.675305,images/frame_000747.png,depth/frame_000747.png
748,1743437559.712007,images/frame_000748.png,depth/frame_000748.png
749,1743437559.745602,images/frame_000749.png,depth/frame_000749.png
750,1743437559.776642,images/frame_000750.png,depth/frame_000750.png
751,1743437559.812195,images/frame_000751.png,depth/frame_000751.png
752,1743437559.841275,images/frame_000752.png,depth/frame_000752.png
753,1743437559.875245,images/frame_000753.png,depth/frame_000753.png
754,1743437559.911111,images/frame_000754.png,depth/frame_000754.png
755,1743437559.942149,images/frame_000755.png,depth/frame_000755.png
756,1743437559.974567,images/frame_000756.png,depth/frame_000756.png
757,1743437560.008257,images/frame_000757.png,depth/frame_000757.png
758,1743437560.060888,images/frame_000758.png,depth/frame_000758.png
759,1743437560.081133,images/frame_000759.png,depth/frame_000759.png
760,1743437560.106393,images/frame_000760.png,depth/frame_000760.png
761,1743437560.141309,images/frame_000761.png,depth/frame_000761.png
762,1743437560.172620,images/frame_000762.png,depth/frame_000762.png
763,1743437560.203990,images/frame_000763.png,depth/frame_000763.png
764,1743437560.238015,images/frame_000764.png,depth/frame_000764.png
765,1743437560.273601,images/frame_000765.png,depth/frame_000765.png
766,1743437560.305628,images/frame_000766.png,depth/frame_000766.png
767,1743437560.343926,images/frame_000767.png,depth/frame_000767.png
768,1743437560.378555,images/frame_000768.png,depth/frame_000768.png
769,1743437560.405615,images/frame_000769.png,depth/frame_000769.png
770,1743437560.438464,images/frame_000770.png,depth/frame_000770.png
771,1743437560.475324,images/frame_000771.png,depth/frame_000771.png
772,1743437560.508980,images/frame_000772.png,depth/frame_000772.png
773,1743437560.540851,images/frame_000773.png,depth/frame_000773.png
774,1743437560.569233,images/frame_000774.png,depth/frame_000774.png
775,1743437560.604313,images/frame_000775.png,depth/frame_000775.png
776,1743437560.638180,images/frame_000776.png,depth/frame_000776.png
777,1743437560.670991,images/frame_000777.png,depth/frame_000777.png
778,1743437560.700010,images/frame_000778.png,depth/frame_000778.png
779,1743437560.736916,images/frame_000779.png,depth/frame_000779.png
780,1743437560.767647,images/frame_000780.png,depth/frame_000780.png
781,1743437560.804590,images/frame_000781.png,depth/frame_000781.png
782,1743437560.838544,images/frame_000782.png,depth/frame_000782.png
783,1743437560.870443,images/frame_000783.png,depth/frame_000783.png
784,1743437560.904555,images/frame_000784.png,depth/frame_000784.png
785,1743437560.938476,images/frame_000785.png,depth/frame_000785.png
786,1743437560.971584,images/frame_000786.png,depth/frame_000786.png
787,1743437561.007046,images/frame_000787.png,depth/frame_000787.png
788,1743437561.038823,images/frame_000788.png,depth/frame_000788.png
789,1743437561.070616,images/frame_000789.png,depth/frame_000789.png
790,1743437561.103228,images/frame_000790.png,depth/frame_000790.png
791,1743437561.136772,images/frame_000791.png,depth/frame_000791.png
792,1743437561.168869,images/frame_000792.png,depth/frame_000792.png
793,1743437561.209229,images/frame_000793.png,depth/frame_000793.png
794,1743437561.235749,images/frame_000794.png,depth/frame_000794.png
795,1743437561.269536,images/frame_000795.png,depth/frame_000795.png
796,1743437561.302058,images/frame_000796.png,depth/frame_000796.png
797,1743437561.334961,images/frame_000797.png,depth/frame_000797.png
798,1743437561.365887,images/frame_000798.png,depth/frame_000798.png
799,1743437561.401163,images/frame_000799.png,depth/frame_000799.png
800,1743437561.434956,images/frame_000800.png,depth/frame_000800.png
801,1743437561.468854,images/frame_000801.png,depth/frame_000801.png
802,1743437561.498989,images/frame_000802.png,depth/frame_000802.png
803,1743437561.530384,images/frame_000803.png,depth/frame_000803.png
804,1743437561.563981,images/frame_000804.png,depth/frame_000804.png
805,1743437561.596595,images/frame_000805.png,depth/frame_000805.png
806,1743437561.628556,images/frame_000806.png,depth/frame_000806.png
807,1743437561.666238,images/frame_000807.png,depth/frame_000807.png
808,1743437561.699028,images/frame_000808.png,depth/frame_000808.png
809,1743437561.731022,images/frame_000809.png,depth/frame_000809.png
810,1743437561.761766,images/frame_000810.png,depth/frame_000810.png
811,1743437561.801386,images/frame_000811.png,depth/frame_000811.png
812,1743437561.834409,images/frame_000812.png,depth/frame_000812.png
813,1743437561.864592,images/frame_000813.png,depth/frame_000813.png
814,1743437561.893617,images/frame_000814.png,depth/frame_000814.png
815,1743437561.927837,images/frame_000815.png,depth/frame_000815.png
816,1743437561.965573,images/frame_000816.png,depth/frame_000816.png
817,1743437561.996384,images/frame_000817.png,depth/frame_000817.png
818,1743437562.029966,images/frame_000818.png,depth/frame_000818.png
819,1743437562.066642,images/frame_000819.png,depth/frame_000819.png
820,1743437562.094974,images/frame_000820.png,depth/frame_000820.png
821,1743437562.127796,images/frame_000821.png,depth/frame_000821.png
822,1743437562.160093,images/frame_000822.png,depth/frame_000822.png
823,1743437562.191494,images/frame_000823.png,depth/frame_000823.png
824,1743437562.227880,images/frame_000824.png,depth/frame_000824.png
825,1743437562.260519,images/frame_000825.png,depth/frame_000825.png
826,1743437562.293437,images/frame_000826.png,depth/frame_000826.png
827,1743437562.327009,images/frame_000827.png,depth/frame_000827.png
828,1743437562.365062,images/frame_000828.png,depth/frame_000828.png
829,1743437562.395871,images/frame_000829.png,depth/frame_000829.png
830,1743437562.429926,images/frame_000830.png,depth/frame_000830.png
831,1743437562.463626,images/frame_000831.png,depth/frame_000831.png
832,1743437562.495793,images/frame_000832.png,depth/frame_000832.png
833,1743437562.528265,images/frame_000833.png,depth/frame_000833.png
834,1743437562.562802,images/frame_000834.png,depth/frame_000834.png
835,1743437562.598122,images/frame_000835.png,depth/frame_000835.png
836,1743437562.630416,images/frame_000836.png,depth/frame_000836.png
837,1743437562.660999,images/frame_000837.png,depth/frame_000837.png
838,1743437562.692300,images/frame_000838.png,depth/frame_000838.png
839,1743437562.730238,images/frame_000839.png,depth/frame_000839.png
840,1743437562.762716,images/frame_000840.png,depth/frame_000840.png
841,1743437562.794240,images/frame_000841.png,depth/frame_000841.png
842,1743437562.824722,images/frame_000842.png,depth/frame_000842.png
843,1743437562.864227,images/frame_000843.png,depth/frame_000843.png
844,1743437562.892387,images/frame_000844.png,depth/frame_000844.png
845,1743437562.921679,images/frame_000845.png,depth/frame_000845.png
846,1743437562.959569,images/frame_000846.png,depth/frame_000846.png
847,1743437562.993634,images/frame_000847.png,depth/frame_000847.png
848,1743437563.026539,images/frame_000848.png,depth/frame_000848.png
849,1743437563.060687,images/frame_000849.png,depth/frame_000849.png
850,1743437563.089688,images/frame_000850.png,depth/frame_000850.png
851,1743437563.120912,images/frame_000851.png,depth/frame_000851.png
852,1743437563.154682,images/frame_000852.png,depth/frame_000852.png
853,1743437563.189457,images/frame_000853.png,depth/frame_000853.png
854,1743437563.228051,images/frame_000854.png,depth/frame_000854.png
855,1743437563.260627,images/frame_000855.png,depth/frame_000855.png
856,1743437563.291100,images/frame_000856.png,depth/frame_000856.png
857,1743437563.324298,images/frame_000857.png,depth/frame_000857.png
858,1743437563.358814,images/frame_000858.png,depth/frame_000858.png
859,1743437563.391671,images/frame_000859.png,depth/frame_000859.png
860,1743437563.425803,images/frame_000860.png,depth/frame_000860.png
861,1743437563.460118,images/frame_000861.png,depth/frame_000861.png
862,1743437563.489309,images/frame_000862.png,depth/frame_000862.png
863,1743437563.525674,images/frame_000863.png,depth/frame_000863.png
864,1743437563.558597,images/frame_000864.png,depth/frame_000864.png
865,1743437563.590577,images/frame_000865.png,depth/frame_000865.png
866,1743437563.624177,images/frame_000866.png,depth/frame_000866.png
867,1743437563.657212,images/frame_000867.png,depth/frame_000867.png
868,1743437563.692539,images/frame_000868.png,depth/frame_000868.png
869,1743437563.723362,images/frame_000869.png,depth/frame_000869.png
870,1743437563.758150,images/frame_000870.png,depth/frame_000870.png
871,1743437563.792819,images/frame_000871.png,depth/frame_000871.png
872,1743437563.822571,images/frame_000872.png,depth/frame_000872.png
873,1743437563.856254,images/frame_000873.png,depth/frame_000873.png
874,1743437563.902756,images/frame_000874.png,depth/frame_000874.png
875,1743437563.922369,images/frame_000875.png,depth/frame_000875.png
876,1743437563.955320,images/frame_000876.png,depth/frame_000876.png
877,1743437563.988960,images/frame_000877.png,depth/frame_000877.png
878,1743437564.022914,images/frame_000878.png,depth/frame_000878.png
879,1743437564.058045,images/frame_000879.png,depth/frame_000879.png
880,1743437564.091375,images/frame_000880.png,depth/frame_000880.png
881,1743437564.124317,images/frame_000881.png,depth/frame_000881.png
882,1743437564.157177,images/frame_000882.png,depth/frame_000882.png
883,1743437564.188724,images/frame_000883.png,depth/frame_000883.png
884,1743437564.221066,images/frame_000884.png,depth/frame_000884.png
885,1743437564.253047,images/frame_000885.png,depth/frame_000885.png
886,1743437564.284103,images/frame_000886.png,depth/frame_000886.png
887,1743437564.326021,images/frame_000887.png,depth/frame_000887.png
888,1743437564.356042,images/frame_000888.png,depth/frame_000888.png
889,1743437564.386061,images/frame_000889.png,depth/frame_000889.png
890,1743437564.422062,images/frame_000890.png,depth/frame_000890.png
891,1743437564.451542,images/frame_000891.png,depth/frame_000891.png
892,1743437564.484162,images/frame_000892.png,depth/frame_000892.png
893,1743437564.523546,images/frame_000893.png,depth/frame_000893.png
894,1743437564.556525,images/frame_000894.png,depth/frame_000894.png
895,1743437564.584004,images/frame_000895.png,depth/frame_000895.png
896,1743437564.617331,images/frame_000896.png,depth/frame_000896.png
897,1743437564.650536,images/frame_000897.png,depth/frame_000897.png
898,1743437564.681138,images/frame_000898.png,depth/frame_000898.png
899,1743437564.717988,images/frame_000899.png,depth/frame_000899.png
900,1743437564.751664,images/frame_000900.png,depth/frame_000900.png
901,1743437564.784381,images/frame_000901.png,depth/frame_000901.png
902,1743437564.814334,images/frame_000902.png,depth/frame_000902.png
903,1743437564.847920,images/frame_000903.png,depth/frame_000903.png
904,1743437564.882329,images/frame_000904.png,depth/frame_000904.png
905,1743437564.916151,images/frame_000905.png,depth/frame_000905.png
906,1743437564.947064,images/frame_000906.png,depth/frame_000906.png
907,1743437564.983466,images/frame_000907.png,depth/frame_000907.png
908,1743437565.016296,images/frame_000908.png,depth/frame_000908.png
909,1743437565.049609,images/frame_000909.png,depth/frame_000909.png
910,1743437565.083017,images/frame_000910.png,depth/frame_000910.png
911,1743437565.114991,images/frame_000911.png,depth/frame_000911.png
912,1743437565.147907,images/frame_000912.png,depth/frame_000912.png
913,1743437565.179621,images/frame_000913.png,depth/frame_000913.png
914,1743437565.212997,images/frame_000914.png,depth/frame_000914.png
915,1743437565.245904,images/frame_000915.png,depth/frame_000915.png
916,1743437565.278322,images/frame_000916.png,depth/frame_000916.png
917,1743437565.313855,images/frame_000917.png,depth/frame_000917.png
918,1743437565.347153,images/frame_000918.png,depth/frame_000918.png
919,1743437565.377702,images/frame_000919.png,depth/frame_000919.png
920,1743437565.412620,images/frame_000920.png,depth/frame_000920.png
921,1743437565.448367,images/frame_000921.png,depth/frame_000921.png
922,1743437565.494571,images/frame_000922.png,depth/frame_000922.png
923,1743437565.518365,images/frame_000923.png,depth/frame_000923.png
924,1743437565.545312,images/frame_000924.png,depth/frame_000924.png
925,1743437565.581728,images/frame_000925.png,depth/frame_000925.png
926,1743437565.614260,images/frame_000926.png,depth/frame_000926.png
927,1743437565.646819,images/frame_000927.png,depth/frame_000927.png
928,1743437565.679659,images/frame_000928.png,depth/frame_000928.png
929,1743437565.709973,images/frame_000929.png,depth/frame_000929.png
930,1743437565.742319,images/frame_000930.png,depth/frame_000930.png
931,1743437565.780347,images/frame_000931.png,depth/frame_000931.png
932,1743437565.812473,images/frame_000932.png,depth/frame_000932.png
933,1743437565.844548,images/frame_000933.png,depth/frame_000933.png
934,1743437565.879761,images/frame_000934.png,depth/frame_000934.png
935,1743437565.909663,images/frame_000935.png,depth/frame_000935.png
936,1743437565.944017,images/frame_000936.png,depth/frame_000936.png
937,1743437565.975290,images/frame_000937.png,depth/frame_000937.png
938,1743437566.010229,images/frame_000938.png,depth/frame_000938.png
939,1743437566.043444,images/frame_000939.png,depth/frame_000939.png
940,1743437566.077815,images/frame_000940.png,depth/frame_000940.png
941,1743437566.110950,images/frame_000941.png,depth/frame_000941.png
942,1743437566.144251,images/frame_000942.png,depth/frame_000942.png
943,1743437566.178662,images/frame_000943.png,depth/frame_000943.png
944,1743437566.211347,images/frame_000944.png,depth/frame_000944.png
945,1743437566.241276,images/frame_000945.png,depth/frame_000945.png
946,1743437566.277414,images/frame_000946.png,depth/frame_000946.png
947,1743437566.311264,images/frame_000947.png,depth/frame_000947.png
948,1743437566.343577,images/frame_000948.png,depth/frame_000948.png
949,1743437566.378841,images/frame_000949.png,depth/frame_000949.png
950,1743437566.409242,images/frame_000950.png,depth/frame_000950.png
951,1743437566.443580,images/frame_000951.png,depth/frame_000951.png
952,1743437566.475483,images/frame_000952.png,depth/frame_000952.png
953,1743437566.507924,images/frame_000953.png,depth/frame_000953.png
954,1743437566.543124,images/frame_000954.png,depth/frame_000954.png
955,1743437566.575616,images/frame_000955.png,depth/frame_000955.png
956,1743437566.607117,images/frame_000956.png,depth/frame_000956.png
957,1743437566.639313,images/frame_000957.png,depth/frame_000957.png
958,1743437566.676603,images/frame_000958.png,depth/frame_000958.png
959,1743437566.707507,images/frame_000959.png,depth/frame_000959.png
960,1743437566.742430,images/frame_000960.png,depth/frame_000960.png
961,1743437566.777272,images/frame_000961.png,depth/frame_000961.png
962,1743437566.811476,images/frame_000962.png,depth/frame_000962.png
963,1743437566.843120,images/frame_000963.png,depth/frame_000963.png
964,1743437566.874720,images/frame_000964.png,depth/frame_000964.png
965,1743437566.907470,images/frame_000965.png,depth/frame_000965.png
966,1743437566.941138,images/frame_000966.png,depth/frame_000966.png
967,1743437566.973745,images/frame_000967.png,depth/frame_000967.png
968,1743437567.006534,images/frame_000968.png,depth/frame_000968.png
969,1743437567.039389,images/frame_000969.png,depth/frame_000969.png
970,1743437567.072369,images/frame_000970.png,depth/frame_000970.png
971,1743437567.105428,images/frame_000971.png,depth/frame_000971.png
972,1743437567.141483,images/frame_000972.png,depth/frame_000972.png
973,1743437567.170989,images/frame_000973.png,depth/frame_000973.png
974,1743437567.206091,images/frame_000974.png,depth/frame_000974.png
975,1743437567.237329,images/frame_000975.png,depth/frame_000975.png
976,1743437567.270356,images/frame_000976.png,depth/frame_000976.png
977,1743437567.303903,images/frame_000977.png,depth/frame_000977.png
978,1743437567.336108,images/frame_000978.png,depth/frame_000978.png
979,1743437567.373515,images/frame_000979.png,depth/frame_000979.png
980,1743437567.405814,images/frame_000980.png,depth/frame_000980.png
981,1743437567.439507,images/frame_000981.png,depth/frame_000981.png
982,1743437567.471092,images/frame_000982.png,depth/frame_000982.png
983,1743437567.504452,images/frame_000983.png,depth/frame_000983.png
984,1743437567.540465,images/frame_000984.png,depth/frame_000984.png
985,1743437567.571746,images/frame_000985.png,depth/frame_000985.png
986,1743437567.599746,images/frame_000986.png,depth/frame_000986.png
987,1743437567.633124,images/frame_000987.png,depth/frame_000987.png
988,1743437567.666260,images/frame_000988.png,depth/frame_000988.png
989,1743437567.700224,images/frame_000989.png,depth/frame_000989.png
990,1743437567.735306,images/frame_000990.png,depth/frame_000990.png
991,1743437567.768485,images/frame_000991.png,depth/frame_000991.png
992,1743437567.802111,images/frame_000992.png,depth/frame_000992.png
993,1743437567.834086,images/frame_000993.png,depth/frame_000993.png
994,1743437567.867245,images/frame_000994.png,depth/frame_000994.png
995,1743437567.901034,images/frame_000995.png,depth/frame_000995.png
996,1743437567.935608,images/frame_000996.png,depth/frame_000996.png
997,1743437567.966008,images/frame_000997.png,depth/frame_000997.png
998,1743437568.001158,images/frame_000998.png,depth/frame_000998.png
999,1743437568.036226,images/frame_000999.png,depth/frame_000999.png
1000,1743437568.068756,images/frame_001000.png,depth/frame_001000.png
1001,1743437568.101587,images/frame_001001.png,depth/frame_001001.png
1002,1743437568.136432,images/frame_001002.png,depth/frame_001002.png
1003,1743437568.168748,images/frame_001003.png,depth/frame_001003.png
1004,1743437568.198505,images/frame_001004.png,depth/frame_001004.png
1005,1743437568.232386,images/frame_001005.png,depth/frame_001005.png
1006,1743437568.264068,images/frame_001006.png,depth/frame_001006.png
1007,1743437568.297217,images/frame_001007.png,depth/frame_001007.png
1008,1743437568.331690,images/frame_001008.png,depth/frame_001008.png
1009,1743437568.367456,images/frame_001009.png,depth/frame_001009.png
1010,1743437568.397676,images/frame_001010.png,depth/frame_001010.png
1011,1743437568.435947,images/frame_001011.png,depth/frame_001011.png
1012,1743437568.468245,images/frame_001012.png,depth/frame_001012.png
1013,1743437568.499396,images/frame_001013.png,depth/frame_001013.png
1014,1743437568.530794,images/frame_001014.png,depth/frame_001014.png
1015,1743437568.564883,images/frame_001015.png,depth/frame_001015.png
1016,1743437568.601081,images/frame_001016.png,depth/frame_001016.png
1017,1743437568.632417,images/frame_001017.png,depth/frame_001017.png
1018,1743437568.666506,images/frame_001018.png,depth/frame_001018.png
1019,1743437568.699041,images/frame_001019.png,depth/frame_001019.png
1020,1743437568.733149,images/frame_001020.png,depth/frame_001020.png
1021,1743437568.765408,images/frame_001021.png,depth/frame_001021.png
1022,1743437568.799539,images/frame_001022.png,depth/frame_001022.png
1023,1743437568.833740,images/frame_001023.png,depth/frame_001023.png
1024,1743437568.866998,images/frame_001024.png,depth/frame_001024.png
1025,1743437568.899251,images/frame_001025.png,depth/frame_001025.png
1026,1743437568.929308,images/frame_001026.png,depth/frame_001026.png
1027,1743437568.965328,images/frame_001027.png,depth/frame_001027.png
1028,1743437568.998201,images/frame_001028.png,depth/frame_001028.png
1029,1743437569.029868,images/frame_001029.png,depth/frame_001029.png
1030,1743437569.064141,images/frame_001030.png,depth/frame_001030.png
1031,1743437569.098276,images/frame_001031.png,depth/frame_001031.png
1032,1743437569.130420,images/frame_001032.png,depth/frame_001032.png
1033,1743437569.162335,images/frame_001033.png,depth/frame_001033.png
1034,1743437569.194738,images/frame_001034.png,depth/frame_001034.png
1035,1743437569.225606,images/frame_001035.png,depth/frame_001035.png
1036,1743437569.260497,images/frame_001036.png,depth/frame_001036.png
1037,1743437569.293238,images/frame_001037.png,depth/frame_001037.png
1038,1743437569.329299,images/frame_001038.png,depth/frame_001038.png
1039,1743437569.365236,images/frame_001039.png,depth/frame_001039.png
1040,1743437569.412052,images/frame_001040.png,depth/frame_001040.png
1041,1743437569.444397,images/frame_001041.png,depth/frame_001041.png
1042,1743437569.463553,images/frame_001042.png,depth/frame_001042.png
1043,1743437569.496379,images/frame_001043.png,depth/frame_001043.png
1044,1743437569.526991,images/frame_001044.png,depth/frame_001044.png
1045,1743437569.560312,images/frame_001045.png,depth/frame_001045.png
1046,1743437569.596694,images/frame_001046.png,depth/frame_001046.png
1047,1743437569.626498,images/frame_001047.png,depth/frame_001047.png
1048,1743437569.659538,images/frame_001048.png,depth/frame_001048.png
1049,1743437569.698575,images/frame_001049.png,depth/frame_001049.png
1050,1743437569.728434,images/frame_001050.png,depth/frame_001050.png
1051,1743437569.764810,images/frame_001051.png,depth/frame_001051.png
1052,1743437569.795943,images/frame_001052.png,depth/frame_001052.png
1053,1743437569.832283,images/frame_001053.png,depth/frame_001053.png
1054,1743437569.860909,images/frame_001054.png,depth/frame_001054.png
1055,1743437569.891065,images/frame_001055.png,depth/frame_001055.png
1056,1743437569.923513,images/frame_001056.png,depth/frame_001056.png
1057,1743437569.956891,images/frame_001057.png,depth/frame_001057.png
1058,1743437569.994135,images/frame_001058.png,depth/frame_001058.png
1059,1743437570.028969,images/frame_001059.png,depth/frame_001059.png
1060,1743437570.061692,images/frame_001060.png,depth/frame_001060.png
1061,1743437570.092753,images/frame_001061.png,depth/frame_001061.png
1062,1743437570.125247,images/frame_001062.png,depth/frame_001062.png
1063,1743437570.155573,images/frame_001063.png,depth/frame_001063.png
1064,1743437570.188697,images/frame_001064.png,depth/frame_001064.png
1065,1743437570.227153,images/frame_001065.png,depth/frame_001065.png
1066,1743437570.261639,images/frame_001066.png,depth/frame_001066.png
1067,1743437570.297641,images/frame_001067.png,depth/frame_001067.png
1068,1743437570.332095,images/frame_001068.png,depth/frame_001068.png
1069,1743437570.360203,images/frame_001069.png,depth/frame_001069.png
1070,1743437570.391937,images/frame_001070.png,depth/frame_001070.png
1071,1743437570.422351,images/frame_001071.png,depth/frame_001071.png
1072,1743437570.456609,images/frame_001072.png,depth/frame_001072.png
1073,1743437570.490001,images/frame_001073.png,depth/frame_001073.png
1074,1743437570.519186,images/frame_001074.png,depth/frame_001074.png
1075,1743437570.552447,images/frame_001075.png,depth/frame_001075.png
1076,1743437570.584781,images/frame_001076.png,depth/frame_001076.png
1077,1743437570.617224,images/frame_001077.png,depth/frame_001077.png
1078,1743437570.652133,images/frame_001078.png,depth/frame_001078.png
1079,1743437570.684444,images/frame_001079.png,depth/frame_001079.png
1080,1743437570.718382,images/frame_001080.png,depth/frame_001080.png
1081,1743437570.754416,images/frame_001081.png,depth/frame_001081.png
1082,1743437570.789605,images/frame_001082.png,depth/frame_001082.png
1083,1743437570.823666,images/frame_001083.png,depth/frame_001083.png
1084,1743437570.856032,images/frame_001084.png,depth/frame_001084.png
1085,1743437570.892597,images/frame_001085.png,depth/frame_001085.png
1086,1743437570.921884,images/frame_001086.png,depth/frame_001086.png
1087,1743437570.952830,images/frame_001087.png,depth/frame_001087.png
1088,1743437570.982494,images/frame_001088.png,depth/frame_001088.png
1089,1743437571.023560,images/frame_001089.png,depth/frame_001089.png
1090,1743437571.054083,images/frame_001090.png,depth/frame_001090.png
1091,1743437571.083942,images/frame_001091.png,depth/frame_001091.png
1092,1743437571.116280,images/frame_001092.png,depth/frame_001092.png
1093,1743437571.153385,images/frame_001093.png,depth/frame_001093.png
1094,1743437571.185836,images/frame_001094.png,depth/frame_001094.png
1095,1743437571.216660,images/frame_001095.png,depth/frame_001095.png
1096,1743437571.253209,images/frame_001096.png,depth/frame_001096.png
1097,1743437571.287787,images/frame_001097.png,depth/frame_001097.png
1098,1743437571.318549,images/frame_001098.png,depth/frame_001098.png
1099,1743437571.360250,images/frame_001099.png,depth/frame_001099.png
1100,1743437571.391453,images/frame_001100.png,depth/frame_001100.png
1101,1743437571.419378,images/frame_001101.png,depth/frame_001101.png
1102,1743437571.452508,images/frame_001102.png,depth/frame_001102.png
1103,1743437571.484637,images/frame_001103.png,depth/frame_001103.png
1104,1743437571.515966,images/frame_001104.png,depth/frame_001104.png
1105,1743437571.548306,images/frame_001105.png,depth/frame_001105.png
1106,1743437571.579752,images/frame_001106.png,depth/frame_001106.png
1107,1743437571.614414,images/frame_001107.png,depth/frame_001107.png
1108,1743437571.650903,images/frame_001108.png,depth/frame_001108.png
1109,1743437571.683658,images/frame_001109.png,depth/frame_001109.png
1110,1743437571.719527,images/frame_001110.png,depth/frame_001110.png
1111,1743437571.756681,images/frame_001111.png,depth/frame_001111.png
1112,1743437571.783151,images/frame_001112.png,depth/frame_001112.png
1113,1743437571.815166,images/frame_001113.png,depth/frame_001113.png
1114,1743437571.850322,images/frame_001114.png,depth/frame_001114.png
1115,1743437571.883382,images/frame_001115.png,depth/frame_001115.png
1116,1743437571.915475,images/frame_001116.png,depth/frame_001116.png
1117,1743437571.956059,images/frame_001117.png,depth/frame_001117.png
1118,1743437571.988541,images/frame_001118.png,depth/frame_001118.png
1119,1743437572.016419,images/frame_001119.png,depth/frame_001119.png
1120,1743437572.048356,images/frame_001120.png,depth/frame_001120.png
1121,1743437572.080784,images/frame_001121.png,depth/frame_001121.png
1122,1743437572.115995,images/frame_001122.png,depth/frame_001122.png
1123,1743437572.151310,images/frame_001123.png,depth/frame_001123.png
1124,1743437572.182480,images/frame_001124.png,depth/frame_001124.png
1125,1743437572.215755,images/frame_001125.png,depth/frame_001125.png
1126,1743437572.248970,images/frame_001126.png,depth/frame_001126.png
1127,1743437572.279742,images/frame_001127.png,depth/frame_001127.png
1128,1743437572.311746,images/frame_001128.png,depth/frame_001128.png
1129,1743437572.350371,images/frame_001129.png,depth/frame_001129.png
1130,1743437572.381334,images/frame_001130.png,depth/frame_001130.png
1131,1743437572.413892,images/frame_001131.png,depth/frame_001131.png
1132,1743437572.445127,images/frame_001132.png,depth/frame_001132.png
1133,1743437572.475798,images/frame_001133.png,depth/frame_001133.png
1134,1743437572.512904,images/frame_001134.png,depth/frame_001134.png
1135,1743437572.545439,images/frame_001135.png,depth/frame_001135.png
1136,1743437572.579205,images/frame_001136.png,depth/frame_001136.png
1137,1743437572.614471,images/frame_001137.png,depth/frame_001137.png
1138,1743437572.646712,images/frame_001138.png,depth/frame_001138.png
1139,1743437572.680769,images/frame_001139.png,depth/frame_001139.png
1140,1743437572.712257,images/frame_001140.png,depth/frame_001140.png
1141,1743437572.745834,images/frame_001141.png,depth/frame_001141.png
1142,1743437572.776131,images/frame_001142.png,depth/frame_001142.png
1143,1743437572.811025,images/frame_001143.png,depth/frame_001143.png
1144,1743437572.842817,images/frame_001144.png,depth/frame_001144.png
1145,1743437572.877573,images/frame_001145.png,depth/frame_001145.png
1146,1743437572.911827,images/frame_001146.png,depth/frame_001146.png
1147,1743437572.942929,images/frame_001147.png,depth/frame_001147.png
1148,1743437572.975624,images/frame_001148.png,depth/frame_001148.png
1149,1743437573.014243,images/frame_001149.png,depth/frame_001149.png
1150,1743437573.047546,images/frame_001150.png,depth/frame_001150.png
1151,1743437573.078177,images/frame_001151.png,depth/frame_001151.png
1152,1743437573.117696,images/frame_001152.png,depth/frame_001152.png
1153,1743437573.146499,images/frame_001153.png,depth/frame_001153.png
1154,1743437573.180339,images/frame_001154.png,depth/frame_001154.png
1155,1743437573.214573,images/frame_001155.png,depth/frame_001155.png
1156,1743437573.244136,images/frame_001156.png,depth/frame_001156.png
1157,1743437573.274663,images/frame_001157.png,depth/frame_001157.png
1158,1743437573.306937,images/frame_001158.png,depth/frame_001158.png
1159,1743437573.341115,images/frame_001159.png,depth/frame_001159.png
1160,1743437573.378905,images/frame_001160.png,depth/frame_001160.png
1161,1743437573.417467,images/frame_001161.png,depth/frame_001161.png
1162,1743437573.443564,images/frame_001162.png,depth/frame_001162.png
1163,1743437573.475902,images/frame_001163.png,depth/frame_001163.png
1164,1743437573.514162,images/frame_001164.png,depth/frame_001164.png
1165,1743437573.547905,images/frame_001165.png,depth/frame_001165.png
1166,1743437573.573458,images/frame_001166.png,depth/frame_001166.png
1167,1743437573.608131,images/frame_001167.png,depth/frame_001167.png
1168,1743437573.639241,images/frame_001168.png,depth/frame_001168.png
1169,1743437573.673611,images/frame_001169.png,depth/frame_001169.png
1170,1743437573.708120,images/frame_001170.png,depth/frame_001170.png
1171,1743437573.736314,images/frame_001171.png,depth/frame_001171.png
1172,1743437573.773117,images/frame_001172.png,depth/frame_001172.png
1173,1743437573.807654,images/frame_001173.png,depth/frame_001173.png
1174,1743437573.838737,images/frame_001174.png,depth/frame_001174.png
1175,1743437573.872451,images/frame_001175.png,depth/frame_001175.png
1176,1743437573.905249,images/frame_001176.png,depth/frame_001176.png
1177,1743437573.937141,images/frame_001177.png,depth/frame_001177.png
1178,1743437573.969380,images/frame_001178.png,depth/frame_001178.png
1179,1743437574.003169,images/frame_001179.png,depth/frame_001179.png
1180,1743437574.035850,images/frame_001180.png,depth/frame_001180.png
1181,1743437574.077978,images/frame_001181.png,depth/frame_001181.png
1182,1743437574.108849,images/frame_001182.png,depth/frame_001182.png
1183,1743437574.139694,images/frame_001183.png,depth/frame_001183.png
1184,1743437574.169629,images/frame_001184.png,depth/frame_001184.png
1185,1743437574.222741,images/frame_001185.png,depth/frame_001185.png
1186,1743437574.247524,images/frame_001186.png,depth/frame_001186.png
1187,1743437574.275843,images/frame_001187.png,depth/frame_001187.png
1188,1743437574.304682,images/frame_001188.png,depth/frame_001188.png
1189,1743437574.337536,images/frame_001189.png,depth/frame_001189.png
1190,1743437574.370488,images/frame_001190.png,depth/frame_001190.png
1191,1743437574.401936,images/frame_001191.png,depth/frame_001191.png
1192,1743437574.437027,images/frame_001192.png,depth/frame_001192.png
1193,1743437574.471806,images/frame_001193.png,depth/frame_001193.png
1194,1743437574.505177,images/frame_001194.png,depth/frame_001194.png
1195,1743437574.537289,images/frame_001195.png,depth/frame_001195.png
1196,1743437574.571317,images/frame_001196.png,depth/frame_001196.png
1197,1743437574.602931,images/frame_001197.png,depth/frame_001197.png
1198,1743437574.636538,images/frame_001198.png,depth/frame_001198.png
1199,1743437574.667114,images/frame_001199.png,depth/frame_001199.png
1200,1743437574.700777,images/frame_001200.png,depth/frame_001200.png
1201,1743437574.737003,images/frame_001201.png,depth/frame_001201.png
1202,1743437574.771615,images/frame_001202.png,depth/frame_001202.png
1203,1743437574.799530,images/frame_001203.png,depth/frame_001203.png
1204,1743437574.832383,images/frame_001204.png,depth/frame_001204.png
1205,1743437574.865917,images/frame_001205.png,depth/frame_001205.png
1206,1743437574.897339,images/frame_001206.png,depth/frame_001206.png
1207,1743437574.932246,images/frame_001207.png,depth/frame_001207.png
1208,1743437574.967394,images/frame_001208.png,depth/frame_001208.png
1209,1743437575.001272,images/frame_001209.png,depth/frame_001209.png
1210,1743437575.034543,images/frame_001210.png,depth/frame_001210.png
1211,1743437575.069207,images/frame_001211.png,depth/frame_001211.png
1212,1743437575.104633,images/frame_001212.png,depth/frame_001212.png
1213,1743437575.133557,images/frame_001213.png,depth/frame_001213.png
1214,1743437575.164940,images/frame_001214.png,depth/frame_001214.png
1215,1743437575.199134,images/frame_001215.png,depth/frame_001215.png
1216,1743437575.232316,images/frame_001216.png,depth/frame_001216.png
1217,1743437575.264351,images/frame_001217.png,depth/frame_001217.png
1218,1743437575.297055,images/frame_001218.png,depth/frame_001218.png
1219,1743437575.331577,images/frame_001219.png,depth/frame_001219.png
1220,1743437575.368816,images/frame_001220.png,depth/frame_001220.png
1221,1743437575.401983,images/frame_001221.png,depth/frame_001221.png
1222,1743437575.431613,images/frame_001222.png,depth/frame_001222.png
1223,1743437575.468811,images/frame_001223.png,depth/frame_001223.png
1224,1743437575.499297,images/frame_001224.png,depth/frame_001224.png
1225,1743437575.533525,images/frame_001225.png,depth/frame_001225.png
1226,1743437575.565557,images/frame_001226.png,depth/frame_001226.png
1227,1743437575.597022,images/frame_001227.png,depth/frame_001227.png
1228,1743437575.633346,images/frame_001228.png,depth/frame_001228.png
1229,1743437575.663232,images/frame_001229.png,depth/frame_001229.png
1230,1743437575.695381,images/frame_001230.png,depth/frame_001230.png
1231,1743437575.732524,images/frame_001231.png,depth/frame_001231.png
1232,1743437575.765361,images/frame_001232.png,depth/frame_001232.png
1233,1743437575.798638,images/frame_001233.png,depth/frame_001233.png
1234,1743437575.832770,images/frame_001234.png,depth/frame_001234.png
1235,1743437575.863762,images/frame_001235.png,depth/frame_001235.png
1236,1743437575.896174,images/frame_001236.png,depth/frame_001236.png
1237,1743437575.929168,images/frame_001237.png,depth/frame_001237.png
1238,1743437575.961490,images/frame_001238.png,depth/frame_001238.png
1239,1743437575.996783,images/frame_001239.png,depth/frame_001239.png
1240,1743437576.029446,images/frame_001240.png,depth/frame_001240.png
1241,1743437576.063972,images/frame_001241.png,depth/frame_001241.png
1242,1743437576.095021,images/frame_001242.png,depth/frame_001242.png
1243,1743437576.128191,images/frame_001243.png,depth/frame_001243.png
1244,1743437576.162326,images/frame_001244.png,depth/frame_001244.png
1245,1743437576.195011,images/frame_001245.png,depth/frame_001245.png
1246,1743437576.230712,images/frame_001246.png,depth/frame_001246.png
1247,1743437576.262874,images/frame_001247.png,depth/frame_001247.png
1248,1743437576.295986,images/frame_001248.png,depth/frame_001248.png
1249,1743437576.331899,images/frame_001249.png,depth/frame_001249.png
1250,1743437576.363084,images/frame_001250.png,depth/frame_001250.png
1251,1743437576.396808,images/frame_001251.png,depth/frame_001251.png
1252,1743437576.430877,images/frame_001252.png,depth/frame_001252.png
1253,1743437576.459656,images/frame_001253.png,depth/frame_001253.png
1254,1743437576.493346,images/frame_001254.png,depth/frame_001254.png
1255,1743437576.531505,images/frame_001255.png,depth/frame_001255.png
1256,1743437576.563043,images/frame_001256.png,depth/frame_001256.png
1257,1743437576.590224,images/frame_001257.png,depth/frame_001257.png
1258,1743437576.628746,images/frame_001258.png,depth/frame_001258.png
1259,1743437576.663788,images/frame_001259.png,depth/frame_001259.png
1260,1743437576.696437,images/frame_001260.png,depth/frame_001260.png
1261,1743437576.729643,images/frame_001261.png,depth/frame_001261.png
1262,1743437576.761529,images/frame_001262.png,depth/frame_001262.png
1263,1743437576.795267,images/frame_001263.png,depth/frame_001263.png
1264,1743437576.828423,images/frame_001264.png,depth/frame_001264.png
1265,1743437576.857308,images/frame_001265.png,depth/frame_001265.png
1266,1743437576.890905,images/frame_001266.png,depth/frame_001266.png
1267,1743437576.921828,images/frame_001267.png,depth/frame_001267.png
1268,1743437576.955520,images/frame_001268.png,depth/frame_001268.png
1269,1743437576.989556,images/frame_001269.png,depth/frame_001269.png
1270,1743437577.023385,images/frame_001270.png,depth/frame_001270.png
1271,1743437577.059241,images/frame_001271.png,depth/frame_001271.png
1272,1743437577.091786,images/frame_001272.png,depth/frame_001272.png
1273,1743437577.123927,images/frame_001273.png,depth/frame_001273.png
1274,1743437577.154680,images/frame_001274.png,depth/frame_001274.png
1275,1743437577.188720,images/frame_001275.png,depth/frame_001275.png
1276,1743437577.223013,images/frame_001276.png,depth/frame_001276.png
1277,1743437577.258053,images/frame_001277.png,depth/frame_001277.png
1278,1743437577.293087,images/frame_001278.png,depth/frame_001278.png
1279,1743437577.322898,images/frame_001279.png,depth/frame_001279.png
1280,1743437577.356340,images/frame_001280.png,depth/frame_001280.png
1281,1743437577.388335,images/frame_001281.png,depth/frame_001281.png
1282,1743437577.422235,images/frame_001282.png,depth/frame_001282.png
1283,1743437577.452955,images/frame_001283.png,depth/frame_001283.png
1284,1743437577.490677,images/frame_001284.png,depth/frame_001284.png
1285,1743437577.520722,images/frame_001285.png,depth/frame_001285.png
1286,1743437577.555658,images/frame_001286.png,depth/frame_001286.png
1287,1743437577.589076,images/frame_001287.png,depth/frame_001287.png
1288,1743437577.622577,images/frame_001288.png,depth/frame_001288.png
1289,1743437577.655224,images/frame_001289.png,depth/frame_001289.png
1290,1743437577.686145,images/frame_001290.png,depth/frame_001290.png
1291,1743437577.723435,images/frame_001291.png,depth/frame_001291.png
1292,1743437577.753294,images/frame_001292.png,depth/frame_001292.png
1293,1743437577.786118,images/frame_001293.png,depth/frame_001293.png
1294,1743437577.818202,images/frame_001294.png,depth/frame_001294.png
1295,1743437577.854269,images/frame_001295.png,depth/frame_001295.png
1296,1743437577.883044,images/frame_001296.png,depth/frame_001296.png
1297,1743437577.916129,images/frame_001297.png,depth/frame_001297.png
1298,1743437577.950782,images/frame_001298.png,depth/frame_001298.png
1299,1743437577.986732,images/frame_001299.png,depth/frame_001299.png
1300,1743437578.021107,images/frame_001300.png,depth/frame_001300.png
1301,1743437578.053757,images/frame_001301.png,depth/frame_001301.png
1302,1743437578.087259,images/frame_001302.png,depth/frame_001302.png
1303,1743437578.120053,images/frame_001303.png,depth/frame_001303.png
1304,1743437578.152866,images/frame_001304.png,depth/frame_001304.png
1305,1743437578.185832,images/frame_001305.png,depth/frame_001305.png
1306,1743437578.215619,images/frame_001306.png,depth/frame_001306.png
1307,1743437578.251966,images/frame_001307.png,depth/frame_001307.png
1308,1743437578.285612,images/frame_001308.png,depth/frame_001308.png
1309,1743437578.318761,images/frame_001309.png,depth/frame_001309.png
1310,1743437578.354055,images/frame_001310.png,depth/frame_001310.png
1311,1743437578.389907,images/frame_001311.png,depth/frame_001311.png
1312,1743437578.419686,images/frame_001312.png,depth/frame_001312.png
1313,1743437578.449384,images/frame_001313.png,depth/frame_001313.png
1314,1743437578.482670,images/frame_001314.png,depth/frame_001314.png
1315,1743437578.520533,images/frame_001315.png,depth/frame_001315.png
1316,1743437578.552100,images/frame_001316.png,depth/frame_001316.png
1317,1743437578.581629,images/frame_001317.png,depth/frame_001317.png
1318,1743437578.613563,images/frame_001318.png,depth/frame_001318.png
1319,1743437578.648516,images/frame_001319.png,depth/frame_001319.png
1320,1743437578.681739,images/frame_001320.png,depth/frame_001320.png
1321,1743437578.715917,images/frame_001321.png,depth/frame_001321.png
1322,1743437578.749589,images/frame_001322.png,depth/frame_001322.png
1323,1743437578.796307,images/frame_001323.png,depth/frame_001323.png
1324,1743437578.814633,images/frame_001324.png,depth/frame_001324.png
1325,1743437578.849277,images/frame_001325.png,depth/frame_001325.png
1326,1743437578.883031,images/frame_001326.png,depth/frame_001326.png
1327,1743437578.915736,images/frame_001327.png,depth/frame_001327.png
1328,1743437578.947510,images/frame_001328.png,depth/frame_001328.png
1329,1743437578.983039,images/frame_001329.png,depth/frame_001329.png
1330,1743437579.015618,images/frame_001330.png,depth/frame_001330.png
1331,1743437579.047891,images/frame_001331.png,depth/frame_001331.png
1332,1743437579.081974,images/frame_001332.png,depth/frame_001332.png
1333,1743437579.116308,images/frame_001333.png,depth/frame_001333.png
1334,1743437579.155748,images/frame_001334.png,depth/frame_001334.png
1335,1743437579.187189,images/frame_001335.png,depth/frame_001335.png
1336,1743437579.214732,images/frame_001336.png,depth/frame_001336.png
1337,1743437579.246091,images/frame_001337.png,depth/frame_001337.png
1338,1743437579.278951,images/frame_001338.png,depth/frame_001338.png
1339,1743437579.313423,images/frame_001339.png,depth/frame_001339.png
1340,1743437579.356092,images/frame_001340.png,depth/frame_001340.png
1341,1743437579.378831,images/frame_001341.png,depth/frame_001341.png
1342,1743437579.411231,images/frame_001342.png,depth/frame_001342.png
1343,1743437579.444890,images/frame_001343.png,depth/frame_001343.png
1344,1743437579.481203,images/frame_001344.png,depth/frame_001344.png
1345,1743437579.517123,images/frame_001345.png,depth/frame_001345.png
1346,1743437579.550411,images/frame_001346.png,depth/frame_001346.png
1347,1743437579.578392,images/frame_001347.png,depth/frame_001347.png
1348,1743437579.609474,images/frame_001348.png,depth/frame_001348.png
1349,1743437579.644207,images/frame_001349.png,depth/frame_001349.png
1350,1743437579.679608,images/frame_001350.png,depth/frame_001350.png
1351,1743437579.713067,images/frame_001351.png,depth/frame_001351.png
1352,1743437579.743108,images/frame_001352.png,depth/frame_001352.png
1353,1743437579.774437,images/frame_001353.png,depth/frame_001353.png
1354,1743437579.813772,images/frame_001354.png,depth/frame_001354.png
1355,1743437579.843849,images/frame_001355.png,depth/frame_001355.png
1356,1743437579.882860,images/frame_001356.png,depth/frame_001356.png
1357,1743437579.917112,images/frame_001357.png,depth/frame_001357.png
1358,1743437579.946319,images/frame_001358.png,depth/frame_001358.png
1359,1743437579.978188,images/frame_001359.png,depth/frame_001359.png
1360,1743437580.010991,images/frame_001360.png,depth/frame_001360.png
1361,1743437580.045679,images/frame_001361.png,depth/frame_001361.png
1362,1743437580.077435,images/frame_001362.png,depth/frame_001362.png
1363,1743437580.108608,images/frame_001363.png,depth/frame_001363.png
1364,1743437580.143529,images/frame_001364.png,depth/frame_001364.png
1365,1743437580.174518,images/frame_001365.png,depth/frame_001365.png
1366,1743437580.213655,images/frame_001366.png,depth/frame_001366.png
1367,1743437580.247046,images/frame_001367.png,depth/frame_001367.png
1368,1743437580.276095,images/frame_001368.png,depth/frame_001368.png
1369,1743437580.306813,images/frame_001369.png,depth/frame_001369.png
1370,1743437580.339285,images/frame_001370.png,depth/frame_001370.png
1371,1743437580.374471,images/frame_001371.png,depth/frame_001371.png
1372,1743437580.406144,images/frame_001372.png,depth/frame_001372.png
1373,1743437580.440297,images/frame_001373.png,depth/frame_001373.png
1374,1743437580.474255,images/frame_001374.png,depth/frame_001374.png
1375,1743437580.504129,images/frame_001375.png,depth/frame_001375.png
1376,1743437580.538869,images/frame_001376.png,depth/frame_001376.png
1377,1743437580.573230,images/frame_001377.png,depth/frame_001377.png
1378,1743437580.606350,images/frame_001378.png,depth/frame_001378.png
1379,1743437580.639396,images/frame_001379.png,depth/frame_001379.png
1380,1743437580.672467,images/frame_001380.png,depth/frame_001380.png
1381,1743437580.706730,images/frame_001381.png,depth/frame_001381.png
1382,1743437580.738790,images/frame_001382.png,depth/frame_001382.png
1383,1743437580.774170,images/frame_001383.png,depth/frame_001383.png
1384,1743437580.805846,images/frame_001384.png,depth/frame_001384.png
1385,1743437580.839688,images/frame_001385.png,depth/frame_001385.png
1386,1743437580.872130,images/frame_001386.png,depth/frame_001386.png
1387,1743437580.906527,images/frame_001387.png,depth/frame_001387.png
1388,1743437580.937014,images/frame_001388.png,depth/frame_001388.png
1389,1743437580.973180,images/frame_001389.png,depth/frame_001389.png
1390,1743437581.004283,images/frame_001390.png,depth/frame_001390.png
1391,1743437581.035820,images/frame_001391.png,depth/frame_001391.png
1392,1743437581.066795,images/frame_001392.png,depth/frame_001392.png
1393,1743437581.101929,images/frame_001393.png,depth/frame_001393.png
1394,1743437581.135127,images/frame_001394.png,depth/frame_001394.png
1395,1743437581.170646,images/frame_001395.png,depth/frame_001395.png
1396,1743437581.203084,images/frame_001396.png,depth/frame_001396.png
1397,1743437581.237425,images/frame_001397.png,depth/frame_001397.png
1398,1743437581.269818,images/frame_001398.png,depth/frame_001398.png
1399,1743437581.305326,images/frame_001399.png,depth/frame_001399.png
1400,1743437581.338092,images/frame_001400.png,depth/frame_001400.png
1401,1743437581.367528,images/frame_001401.png,depth/frame_001401.png
1402,1743437581.398254,images/frame_001402.png,depth/frame_001402.png
1403,1743437581.434296,images/frame_001403.png,depth/frame_001403.png
1404,1743437581.469590,images/frame_001404.png,depth/frame_001404.png
1405,1743437581.503492,images/frame_001405.png,depth/frame_001405.png
1406,1743437581.535309,images/frame_001406.png,depth/frame_001406.png
1407,1743437581.567151,images/frame_001407.png,depth/frame_001407.png
1408,1743437581.601657,images/frame_001408.png,depth/frame_001408.png
1409,1743437581.636674,images/frame_001409.png,depth/frame_001409.png
1410,1743437581.668572,images/frame_001410.png,depth/frame_001410.png
1411,1743437581.702134,images/frame_001411.png,depth/frame_001411.png
1412,1743437581.738039,images/frame_001412.png,depth/frame_001412.png
1413,1743437581.767300,images/frame_001413.png,depth/frame_001413.png
1414,1743437581.802222,images/frame_001414.png,depth/frame_001414.png
1415,1743437581.835183,images/frame_001415.png,depth/frame_001415.png
1416,1743437581.867879,images/frame_001416.png,depth/frame_001416.png
1417,1743437581.899051,images/frame_001417.png,depth/frame_001417.png
1418,1743437581.934774,images/frame_001418.png,depth/frame_001418.png
1419,1743437581.964973,images/frame_001419.png,depth/frame_001419.png
1420,1743437581.996929,images/frame_001420.png,depth/frame_001420.png
1421,1743437582.030103,images/frame_001421.png,depth/frame_001421.png
1422,1743437582.067852,images/frame_001422.png,depth/frame_001422.png
1423,1743437582.099351,images/frame_001423.png,depth/frame_001423.png
1424,1743437582.132006,images/frame_001424.png,depth/frame_001424.png
1425,1743437582.165092,images/frame_001425.png,depth/frame_001425.png
1426,1743437582.196429,images/frame_001426.png,depth/frame_001426.png
1427,1743437582.231358,images/frame_001427.png,depth/frame_001427.png
1428,1743437582.266664,images/frame_001428.png,depth/frame_001428.png
1429,1743437582.302029,images/frame_001429.png,depth/frame_001429.png
1430,1743437582.332942,images/frame_001430.png,depth/frame_001430.png
1431,1743437582.368625,images/frame_001431.png,depth/frame_001431.png
1432,1743437582.399595,images/frame_001432.png,depth/frame_001432.png
1433,1743437582.436317,images/frame_001433.png,depth/frame_001433.png
1434,1743437582.469654,images/frame_001434.png,depth/frame_001434.png
1435,1743437582.501187,images/frame_001435.png,depth/frame_001435.png
1436,1743437582.533018,images/frame_001436.png,depth/frame_001436.png
1437,1743437582.564251,images/frame_001437.png,depth/frame_001437.png
1438,1743437582.596387,images/frame_001438.png,depth/frame_001438.png
1439,1743437582.630898,images/frame_001439.png,depth/frame_001439.png
1440,1743437582.665551,images/frame_001440.png,depth/frame_001440.png
1441,1743437582.698621,images/frame_001441.png,depth/frame_001441.png
1442,1743437582.730738,images/frame_001442.png,depth/frame_001442.png
1443,1743437582.764244,images/frame_001443.png,depth/frame_001443.png
1444,1743437582.797600,images/frame_001444.png,depth/frame_001444.png
1445,1743437582.830816,images/frame_001445.png,depth/frame_001445.png
1446,1743437582.863290,images/frame_001446.png,depth/frame_001446.png
1447,1743437582.896865,images/frame_001447.png,depth/frame_001447.png
1448,1743437582.929969,images/frame_001448.png,depth/frame_001448.png
1449,1743437582.966676,images/frame_001449.png,depth/frame_001449.png
1450,1743437582.998823,images/frame_001450.png,depth/frame_001450.png
1451,1743437583.025223,images/frame_001451.png,depth/frame_001451.png
1452,1743437583.059257,images/frame_001452.png,depth/frame_001452.png
1453,1743437583.094541,images/frame_001453.png,depth/frame_001453.png
1454,1743437583.128119,images/frame_001454.png,depth/frame_001454.png
1455,1743437583.159574,images/frame_001455.png,depth/frame_001455.png
1456,1743437583.194227,images/frame_001456.png,depth/frame_001456.png
1457,1743437583.228464,images/frame_001457.png,depth/frame_001457.png
1458,1743437583.260569,images/frame_001458.png,depth/frame_001458.png
1459,1743437583.296049,images/frame_001459.png,depth/frame_001459.png
1460,1743437583.331225,images/frame_001460.png,depth/frame_001460.png
1461,1743437583.363492,images/frame_001461.png,depth/frame_001461.png
1462,1743437583.394287,images/frame_001462.png,depth/frame_001462.png
1463,1743437583.439753,images/frame_001463.png,depth/frame_001463.png
1464,1743437583.462197,images/frame_001464.png,depth/frame_001464.png
1465,1743437583.493792,images/frame_001465.png,depth/frame_001465.png
1466,1743437583.527590,images/frame_001466.png,depth/frame_001466.png
1467,1743437583.557110,images/frame_001467.png,depth/frame_001467.png
1468,1743437583.590776,images/frame_001468.png,depth/frame_001468.png
1469,1743437583.626648,images/frame_001469.png,depth/frame_001469.png
1470,1743437583.659548,images/frame_001470.png,depth/frame_001470.png
1471,1743437583.692570,images/frame_001471.png,depth/frame_001471.png
1472,1743437583.725467,images/frame_001472.png,depth/frame_001472.png
1473,1743437583.758469,images/frame_001473.png,depth/frame_001473.png
1474,1743437583.791194,images/frame_001474.png,depth/frame_001474.png
1475,1743437583.825828,images/frame_001475.png,depth/frame_001475.png
1476,1743437583.856781,images/frame_001476.png,depth/frame_001476.png
1477,1743437583.889894,images/frame_001477.png,depth/frame_001477.png
1478,1743437583.922239,images/frame_001478.png,depth/frame_001478.png
1479,1743437583.956607,images/frame_001479.png,depth/frame_001479.png
1480,1743437583.989302,images/frame_001480.png,depth/frame_001480.png
1481,1743437584.025577,images/frame_001481.png,depth/frame_001481.png
1482,1743437584.059566,images/frame_001482.png,depth/frame_001482.png
1483,1743437584.088165,images/frame_001483.png,depth/frame_001483.png
1484,1743437584.122662,images/frame_001484.png,depth/frame_001484.png
1485,1743437584.152733,images/frame_001485.png,depth/frame_001485.png
1486,1743437584.185575,images/frame_001486.png,depth/frame_001486.png
1487,1743437584.219299,images/frame_001487.png,depth/frame_001487.png
1488,1743437584.253302,images/frame_001488.png,depth/frame_001488.png
1489,1743437584.286585,images/frame_001489.png,depth/frame_001489.png
1490,1743437584.320692,images/frame_001490.png,depth/frame_001490.png
1491,1743437584.352345,images/frame_001491.png,depth/frame_001491.png
1492,1743437584.385798,images/frame_001492.png,depth/frame_001492.png
1493,1743437584.423090,images/frame_001493.png,depth/frame_001493.png
1494,1743437584.455226,images/frame_001494.png,depth/frame_001494.png
1495,1743437584.488394,images/frame_001495.png,depth/frame_001495.png
1496,1743437584.520395,images/frame_001496.png,depth/frame_001496.png
1497,1743437584.552458,images/frame_001497.png,depth/frame_001497.png
1498,1743437584.583452,images/frame_001498.png,depth/frame_001498.png
1499,1743437584.620021,images/frame_001499.png,depth/frame_001499.png
1500,1743437584.656105,images/frame_001500.png,depth/frame_001500.png
1501,1743437584.686659,images/frame_001501.png,depth/frame_001501.png
1502,1743437584.721329,images/frame_001502.png,depth/frame_001502.png
1503,1743437584.752057,images/frame_001503.png,depth/frame_001503.png
1504,1743437584.786278,images/frame_001504.png,depth/frame_001504.png
1505,1743437584.819136,images/frame_001505.png,depth/frame_001505.png
1506,1743437584.852906,images/frame_001506.png,depth/frame_001506.png
1507,1743437584.884991,images/frame_001507.png,depth/frame_001507.png
1508,1743437584.916644,images/frame_001508.png,depth/frame_001508.png
1509,1743437584.953281,images/frame_001509.png,depth/frame_001509.png
1510,1743437584.986042,images/frame_001510.png,depth/frame_001510.png
1511,1743437585.019305,images/frame_001511.png,depth/frame_001511.png
1512,1743437585.048320,images/frame_001512.png,depth/frame_001512.png
1513,1743437585.085019,images/frame_001513.png,depth/frame_001513.png
1514,1743437585.118579,images/frame_001514.png,depth/frame_001514.png
1515,1743437585.150475,images/frame_001515.png,depth/frame_001515.png
1516,1743437585.184397,images/frame_001516.png,depth/frame_001516.png
1517,1743437585.218241,images/frame_001517.png,depth/frame_001517.png
1518,1743437585.251162,images/frame_001518.png,depth/frame_001518.png
1519,1743437585.286063,images/frame_001519.png,depth/frame_001519.png
1520,1743437585.317076,images/frame_001520.png,depth/frame_001520.png
1521,1743437585.350962,images/frame_001521.png,depth/frame_001521.png
1522,1743437585.384099,images/frame_001522.png,depth/frame_001522.png
1523,1743437585.416603,images/frame_001523.png,depth/frame_001523.png
1524,1743437585.449217,images/frame_001524.png,depth/frame_001524.png
1525,1743437585.478990,images/frame_001525.png,depth/frame_001525.png
1526,1743437585.512185,images/frame_001526.png,depth/frame_001526.png
1527,1743437585.546774,images/frame_001527.png,depth/frame_001527.png
1528,1743437585.579610,images/frame_001528.png,depth/frame_001528.png
1529,1743437585.611790,images/frame_001529.png,depth/frame_001529.png
1530,1743437585.644995,images/frame_001530.png,depth/frame_001530.png
1531,1743437585.679627,images/frame_001531.png,depth/frame_001531.png
1532,1743437585.713289,images/frame_001532.png,depth/frame_001532.png
1533,1743437585.749710,images/frame_001533.png,depth/frame_001533.png
1534,1743437585.785045,images/frame_001534.png,depth/frame_001534.png
1535,1743437585.815982,images/frame_001535.png,depth/frame_001535.png
1536,1743437585.848373,images/frame_001536.png,depth/frame_001536.png
1537,1743437585.878945,images/frame_001537.png,depth/frame_001537.png
1538,1743437585.915293,images/frame_001538.png,depth/frame_001538.png
1539,1743437585.948382,images/frame_001539.png,depth/frame_001539.png
1540,1743437585.983870,images/frame_001540.png,depth/frame_001540.png
1541,1743437586.016568,images/frame_001541.png,depth/frame_001541.png
1542,1743437586.047390,images/frame_001542.png,depth/frame_001542.png
1543,1743437586.076457,images/frame_001543.png,depth/frame_001543.png
1544,1743437586.114588,images/frame_001544.png,depth/frame_001544.png
1545,1743437586.144409,images/frame_001545.png,depth/frame_001545.png
1546,1743437586.182959,images/frame_001546.png,depth/frame_001546.png
1547,1743437586.215091,images/frame_001547.png,depth/frame_001547.png
1548,1743437586.248084,images/frame_001548.png,depth/frame_001548.png
1549,1743437586.282674,images/frame_001549.png,depth/frame_001549.png
1550,1743437586.311311,images/frame_001550.png,depth/frame_001550.png
1551,1743437586.343070,images/frame_001551.png,depth/frame_001551.png
1552,1743437586.380376,images/frame_001552.png,depth/frame_001552.png
1553,1743437586.412125,images/frame_001553.png,depth/frame_001553.png
1554,1743437586.445005,images/frame_001554.png,depth/frame_001554.png
1555,1743437586.478740,images/frame_001555.png,depth/frame_001555.png
1556,1743437586.511760,images/frame_001556.png,depth/frame_001556.png
1557,1743437586.546378,images/frame_001557.png,depth/frame_001557.png
1558,1743437586.576712,images/frame_001558.png,depth/frame_001558.png
1559,1743437586.611008,images/frame_001559.png,depth/frame_001559.png
1560,1743437586.641282,images/frame_001560.png,depth/frame_001560.png
1561,1743437586.676584,images/frame_001561.png,depth/frame_001561.png
1562,1743437586.707926,images/frame_001562.png,depth/frame_001562.png
1563,1743437586.742214,images/frame_001563.png,depth/frame_001563.png
1564,1743437586.775007,images/frame_001564.png,depth/frame_001564.png
1565,1743437586.806739,images/frame_001565.png,depth/frame_001565.png
1566,1743437586.840214,images/frame_001566.png,depth/frame_001566.png
1567,1743437586.873147,images/frame_001567.png,depth/frame_001567.png
1568,1743437586.913867,images/frame_001568.png,depth/frame_001568.png
1569,1743437586.944783,images/frame_001569.png,depth/frame_001569.png
1570,1743437586.979980,images/frame_001570.png,depth/frame_001570.png
1571,1743437587.009338,images/frame_001571.png,depth/frame_001571.png
1572,1743437587.042123,images/frame_001572.png,depth/frame_001572.png
1573,1743437587.075147,images/frame_001573.png,depth/frame_001573.png
1574,1743437587.110235,images/frame_001574.png,depth/frame_001574.png
1575,1743437587.144279,images/frame_001575.png,depth/frame_001575.png
1576,1743437587.176317,images/frame_001576.png,depth/frame_001576.png
1577,1743437587.208161,images/frame_001577.png,depth/frame_001577.png
1578,1743437587.241627,images/frame_001578.png,depth/frame_001578.png
1579,1743437587.275041,images/frame_001579.png,depth/frame_001579.png
1580,1743437587.306538,images/frame_001580.png,depth/frame_001580.png
1581,1743437587.341874,images/frame_001581.png,depth/frame_001581.png
1582,1743437587.370651,images/frame_001582.png,depth/frame_001582.png
1583,1743437587.408008,images/frame_001583.png,depth/frame_001583.png
1584,1743437587.448848,images/frame_001584.png,depth/frame_001584.png
1585,1743437587.474642,images/frame_001585.png,depth/frame_001585.png
1586,1743437587.509261,images/frame_001586.png,depth/frame_001586.png
1587,1743437587.540255,images/frame_001587.png,depth/frame_001587.png
1588,1743437587.578290,images/frame_001588.png,depth/frame_001588.png
1589,1743437587.607602,images/frame_001589.png,depth/frame_001589.png
1590,1743437587.639180,images/frame_001590.png,depth/frame_001590.png
1591,1743437587.672167,images/frame_001591.png,depth/frame_001591.png
1592,1743437587.705411,images/frame_001592.png,depth/frame_001592.png
1593,1743437587.737908,images/frame_001593.png,depth/frame_001593.png
1594,1743437587.770321,images/frame_001594.png,depth/frame_001594.png
1595,1743437587.803716,images/frame_001595.png,depth/frame_001595.png
1596,1743437587.836447,images/frame_001596.png,depth/frame_001596.png
1597,1743437587.868545,images/frame_001597.png,depth/frame_001597.png
1598,1743437587.903060,images/frame_001598.png,depth/frame_001598.png
1599,1743437587.936435,images/frame_001599.png,depth/frame_001599.png
1600,1743437587.970093,images/frame_001600.png,depth/frame_001600.png
1601,1743437588.003389,images/frame_001601.png,depth/frame_001601.png
1602,1743437588.035019,images/frame_001602.png,depth/frame_001602.png
1603,1743437588.071580,images/frame_001603.png,depth/frame_001603.png
1604,1743437588.103595,images/frame_001604.png,depth/frame_001604.png
1605,1743437588.135014,images/frame_001605.png,depth/frame_001605.png
1606,1743437588.170138,images/frame_001606.png,depth/frame_001606.png
1607,1743437588.199559,images/frame_001607.png,depth/frame_001607.png
1608,1743437588.232470,images/frame_001608.png,depth/frame_001608.png
1609,1743437588.266956,images/frame_001609.png,depth/frame_001609.png
1610,1743437588.302387,images/frame_001610.png,depth/frame_001610.png
1611,1743437588.335894,images/frame_001611.png,depth/frame_001611.png
1612,1743437588.368094,images/frame_001612.png,depth/frame_001612.png
1613,1743437588.402299,images/frame_001613.png,depth/frame_001613.png
1614,1743437588.435678,images/frame_001614.png,depth/frame_001614.png
1615,1743437588.468163,images/frame_001615.png,depth/frame_001615.png
1616,1743437588.499475,images/frame_001616.png,depth/frame_001616.png
1617,1743437588.531207,images/frame_001617.png,depth/frame_001617.png
1618,1743437588.567895,images/frame_001618.png,depth/frame_001618.png
1619,1743437588.604270,images/frame_001619.png,depth/frame_001619.png
1620,1743437588.635706,images/frame_001620.png,depth/frame_001620.png
1621,1743437588.666054,images/frame_001621.png,depth/frame_001621.png
1622,1743437588.697663,images/frame_001622.png,depth/frame_001622.png
1623,1743437588.732327,images/frame_001623.png,depth/frame_001623.png
1624,1743437588.765289,images/frame_001624.png,depth/frame_001624.png
1625,1743437588.798861,images/frame_001625.png,depth/frame_001625.png
1626,1743437588.831125,images/frame_001626.png,depth/frame_001626.png
1627,1743437588.865475,images/frame_001627.png,depth/frame_001627.png
1628,1743437588.895423,images/frame_001628.png,depth/frame_001628.png
1629,1743437588.930420,images/frame_001629.png,depth/frame_001629.png
1630,1743437588.965890,images/frame_001630.png,depth/frame_001630.png
1631,1743437588.998913,images/frame_001631.png,depth/frame_001631.png
1632,1743437589.030490,images/frame_001632.png,depth/frame_001632.png
1633,1743437589.065876,images/frame_001633.png,depth/frame_001633.png
1634,1743437589.103559,images/frame_001634.png,depth/frame_001634.png
1635,1743437589.133394,images/frame_001635.png,depth/frame_001635.png
1636,1743437589.163254,images/frame_001636.png,depth/frame_001636.png
1637,1743437589.195344,images/frame_001637.png,depth/frame_001637.png
1638,1743437589.229810,images/frame_001638.png,depth/frame_001638.png
1639,1743437589.267349,images/frame_001639.png,depth/frame_001639.png
1640,1743437589.314353,images/frame_001640.png,depth/frame_001640.png
1641,1743437589.329974,images/frame_001641.png,depth/frame_001641.png
1642,1743437589.365356,images/frame_001642.png,depth/frame_001642.png
1643,1743437589.397008,images/frame_001643.png,depth/frame_001643.png
1644,1743437589.432187,images/frame_001644.png,depth/frame_001644.png
1645,1743437589.463741,images/frame_001645.png,depth/frame_001645.png
1646,1743437589.496207,images/frame_001646.png,depth/frame_001646.png
1647,1743437589.528971,images/frame_001647.png,depth/frame_001647.png
1648,1743437589.564486,images/frame_001648.png,depth/frame_001648.png
1649,1743437589.593624,images/frame_001649.png,depth/frame_001649.png
1650,1743437589.625828,images/frame_001650.png,depth/frame_001650.png
1651,1743437589.661257,images/frame_001651.png,depth/frame_001651.png
1652,1743437589.696657,images/frame_001652.png,depth/frame_001652.png
1653,1743437589.729869,images/frame_001653.png,depth/frame_001653.png
1654,1743437589.762351,images/frame_001654.png,depth/frame_001654.png
1655,1743437589.793296,images/frame_001655.png,depth/frame_001655.png
1656,1743437589.824988,images/frame_001656.png,depth/frame_001656.png
1657,1743437589.860616,images/frame_001657.png,depth/frame_001657.png
1658,1743437589.896368,images/frame_001658.png,depth/frame_001658.png
1659,1743437589.931281,images/frame_001659.png,depth/frame_001659.png
1660,1743437589.960016,images/frame_001660.png,depth/frame_001660.png
1661,1743437589.997951,images/frame_001661.png,depth/frame_001661.png
1662,1743437590.027534,images/frame_001662.png,depth/frame_001662.png
1663,1743437590.059685,images/frame_001663.png,depth/frame_001663.png
1664,1743437590.092956,images/frame_001664.png,depth/frame_001664.png
1665,1743437590.126762,images/frame_001665.png,depth/frame_001665.png
1666,1743437590.160621,images/frame_001666.png,depth/frame_001666.png
1667,1743437590.194191,images/frame_001667.png,depth/frame_001667.png
1668,1743437590.226752,images/frame_001668.png,depth/frame_001668.png
1669,1743437590.259759,images/frame_001669.png,depth/frame_001669.png
1670,1743437590.295574,images/frame_001670.png,depth/frame_001670.png
1671,1743437590.328837,images/frame_001671.png,depth/frame_001671.png
1672,1743437590.358732,images/frame_001672.png,depth/frame_001672.png
1673,1743437590.391279,images/frame_001673.png,depth/frame_001673.png
1674,1743437590.425317,images/frame_001674.png,depth/frame_001674.png
1675,1743437590.484285,images/frame_001675.png,depth/frame_001675.png
1676,1743437590.501987,images/frame_001676.png,depth/frame_001676.png
1677,1743437590.531610,images/frame_001677.png,depth/frame_001677.png
1678,1743437590.563029,images/frame_001678.png,depth/frame_001678.png
1679,1743437590.595244,images/frame_001679.png,depth/frame_001679.png
1680,1743437590.629267,images/frame_001680.png,depth/frame_001680.png
1681,1743437590.660322,images/frame_001681.png,depth/frame_001681.png
1682,1743437590.688938,images/frame_001682.png,depth/frame_001682.png
1683,1743437590.719606,images/frame_001683.png,depth/frame_001683.png
1684,1743437590.754461,images/frame_001684.png,depth/frame_001684.png
1685,1743437590.787305,images/frame_001685.png,depth/frame_001685.png
1686,1743437590.822129,images/frame_001686.png,depth/frame_001686.png
1687,1743437590.857715,images/frame_001687.png,depth/frame_001687.png
1688,1743437590.892245,images/frame_001688.png,depth/frame_001688.png
1689,1743437590.923690,images/frame_001689.png,depth/frame_001689.png
1690,1743437590.953518,images/frame_001690.png,depth/frame_001690.png
1691,1743437590.988236,images/frame_001691.png,depth/frame_001691.png
1692,1743437591.020232,images/frame_001692.png,depth/frame_001692.png
1693,1743437591.052500,images/frame_001693.png,depth/frame_001693.png
1694,1743437591.084577,images/frame_001694.png,depth/frame_001694.png
1695,1743437591.117937,images/frame_001695.png,depth/frame_001695.png
1696,1743437591.152787,images/frame_001696.png,depth/frame_001696.png
1697,1743437591.187848,images/frame_001697.png,depth/frame_001697.png
1698,1743437591.222375,images/frame_001698.png,depth/frame_001698.png
1699,1743437591.253058,images/frame_001699.png,depth/frame_001699.png
1700,1743437591.284497,images/frame_001700.png,depth/frame_001700.png
1701,1743437591.315087,images/frame_001701.png,depth/frame_001701.png
1702,1743437591.354301,images/frame_001702.png,depth/frame_001702.png
1703,1743437591.384658,images/frame_001703.png,depth/frame_001703.png
1704,1743437591.415031,images/frame_001704.png,depth/frame_001704.png
1705,1743437591.448957,images/frame_001705.png,depth/frame_001705.png
1706,1743437591.484393,images/frame_001706.png,depth/frame_001706.png
1707,1743437591.517153,images/frame_001707.png,depth/frame_001707.png
1708,1743437591.552229,images/frame_001708.png,depth/frame_001708.png
1709,1743437591.583570,images/frame_001709.png,depth/frame_001709.png
1710,1743437591.619385,images/frame_001710.png,depth/frame_001710.png
1711,1743437591.653434,images/frame_001711.png,depth/frame_001711.png
1712,1743437591.682825,images/frame_001712.png,depth/frame_001712.png
1713,1743437591.716002,images/frame_001713.png,depth/frame_001713.png
1714,1743437591.746661,images/frame_001714.png,depth/frame_001714.png
1715,1743437591.782054,images/frame_001715.png,depth/frame_001715.png
1716,1743437591.816952,images/frame_001716.png,depth/frame_001716.png
1717,1743437591.851549,images/frame_001717.png,depth/frame_001717.png
1718,1743437591.884253,images/frame_001718.png,depth/frame_001718.png
1719,1743437591.919485,images/frame_001719.png,depth/frame_001719.png
1720,1743437591.949227,images/frame_001720.png,depth/frame_001720.png
1721,1743437591.982309,images/frame_001721.png,depth/frame_001721.png
1722,1743437592.013792,images/frame_001722.png,depth/frame_001722.png
1723,1743437592.046150,images/frame_001723.png,depth/frame_001723.png
1724,1743437592.082911,images/frame_001724.png,depth/frame_001724.png
1725,1743437592.115271,images/frame_001725.png,depth/frame_001725.png
1726,1743437592.148043,images/frame_001726.png,depth/frame_001726.png
1727,1743437592.181859,images/frame_001727.png,depth/frame_001727.png
1728,1743437592.214618,images/frame_001728.png,depth/frame_001728.png
1729,1743437592.247518,images/frame_001729.png,depth/frame_001729.png
1730,1743437592.282885,images/frame_001730.png,depth/frame_001730.png
1731,1743437592.316098,images/frame_001731.png,depth/frame_001731.png
1732,1743437592.346936,images/frame_001732.png,depth/frame_001732.png
1733,1743437592.379979,images/frame_001733.png,depth/frame_001733.png
1734,1743437592.412734,images/frame_001734.png,depth/frame_001734.png
1735,1743437592.446807,images/frame_001735.png,depth/frame_001735.png
1736,1743437592.478843,images/frame_001736.png,depth/frame_001736.png
1737,1743437592.514005,images/frame_001737.png,depth/frame_001737.png
1738,1743437592.545283,images/frame_001738.png,depth/frame_001738.png
1739,1743437592.581322,images/frame_001739.png,depth/frame_001739.png
1740,1743437592.616183,images/frame_001740.png,depth/frame_001740.png
1741,1743437592.647702,images/frame_001741.png,depth/frame_001741.png
1742,1743437592.679945,images/frame_001742.png,depth/frame_001742.png
1743,1743437592.712265,images/frame_001743.png,depth/frame_001743.png
1744,1743437592.745513,images/frame_001744.png,depth/frame_001744.png
1745,1743437592.779582,images/frame_001745.png,depth/frame_001745.png
1746,1743437592.813200,images/frame_001746.png,depth/frame_001746.png
1747,1743437592.844737,images/frame_001747.png,depth/frame_001747.png
1748,1743437592.877783,images/frame_001748.png,depth/frame_001748.png
1749,1743437592.911841,images/frame_001749.png,depth/frame_001749.png
1750,1743437592.946796,images/frame_001750.png,depth/frame_001750.png
1751,1743437592.977271,images/frame_001751.png,depth/frame_001751.png
1752,1743437593.012356,images/frame_001752.png,depth/frame_001752.png
1753,1743437593.049026,images/frame_001753.png,depth/frame_001753.png
1754,1743437593.079144,images/frame_001754.png,depth/frame_001754.png
1755,1743437593.111915,images/frame_001755.png,depth/frame_001755.png
1756,1743437593.147297,images/frame_001756.png,depth/frame_001756.png
1757,1743437593.180289,images/frame_001757.png,depth/frame_001757.png
1758,1743437593.210489,images/frame_001758.png,depth/frame_001758.png
1759,1743437593.241584,images/frame_001759.png,depth/frame_001759.png
1760,1743437593.274942,images/frame_001760.png,depth/frame_001760.png
1761,1743437593.310013,images/frame_001761.png,depth/frame_001761.png
1762,1743437593.345158,images/frame_001762.png,depth/frame_001762.png
1763,1743437593.377882,images/frame_001763.png,depth/frame_001763.png
1764,1743437593.410630,images/frame_001764.png,depth/frame_001764.png
1765,1743437593.443653,images/frame_001765.png,depth/frame_001765.png
1766,1743437593.477324,images/frame_001766.png,depth/frame_001766.png
1767,1743437593.510250,images/frame_001767.png,depth/frame_001767.png
1768,1743437593.542886,images/frame_001768.png,depth/frame_001768.png
1769,1743437593.580746,images/frame_001769.png,depth/frame_001769.png
1770,1743437593.609701,images/frame_001770.png,depth/frame_001770.png
1771,1743437593.644505,images/frame_001771.png,depth/frame_001771.png
1772,1743437593.673633,images/frame_001772.png,depth/frame_001772.png
1773,1743437593.708202,images/frame_001773.png,depth/frame_001773.png
1774,1743437593.743305,images/frame_001774.png,depth/frame_001774.png
1775,1743437593.780419,images/frame_001775.png,depth/frame_001775.png
1776,1743437593.814442,images/frame_001776.png,depth/frame_001776.png
1777,1743437593.844914,images/frame_001777.png,depth/frame_001777.png
1778,1743437593.875763,images/frame_001778.png,depth/frame_001778.png
1779,1743437593.908934,images/frame_001779.png,depth/frame_001779.png
1780,1743437593.941420,images/frame_001780.png,depth/frame_001780.png
1781,1743437593.971416,images/frame_001781.png,depth/frame_001781.png
1782,1743437594.005824,images/frame_001782.png,depth/frame_001782.png
1783,1743437594.039608,images/frame_001783.png,depth/frame_001783.png
1784,1743437594.070510,images/frame_001784.png,depth/frame_001784.png
1785,1743437594.102992,images/frame_001785.png,depth/frame_001785.png
1786,1743437594.135236,images/frame_001786.png,depth/frame_001786.png
1787,1743437594.171322,images/frame_001787.png,depth/frame_001787.png
1788,1743437594.202473,images/frame_001788.png,depth/frame_001788.png
1789,1743437594.235373,images/frame_001789.png,depth/frame_001789.png
1790,1743437594.269524,images/frame_001790.png,depth/frame_001790.png
1791,1743437594.302363,images/frame_001791.png,depth/frame_001791.png
1792,1743437594.337119,images/frame_001792.png,depth/frame_001792.png
1793,1743437594.368056,images/frame_001793.png,depth/frame_001793.png
1794,1743437594.402665,images/frame_001794.png,depth/frame_001794.png
1795,1743437594.439229,images/frame_001795.png,depth/frame_001795.png
1796,1743437594.476052,images/frame_001796.png,depth/frame_001796.png
1797,1743437594.506957,images/frame_001797.png,depth/frame_001797.png
1798,1743437594.539022,images/frame_001798.png,depth/frame_001798.png
1799,1743437594.568578,images/frame_001799.png,depth/frame_001799.png
1800,1743437594.604470,images/frame_001800.png,depth/frame_001800.png
1801,1743437594.635822,images/frame_001801.png,depth/frame_001801.png
1802,1743437594.669336,images/frame_001802.png,depth/frame_001802.png
1803,1743437594.698646,images/frame_001803.png,depth/frame_001803.png
1804,1743437594.734180,images/frame_001804.png,depth/frame_001804.png
1805,1743437594.765684,images/frame_001805.png,depth/frame_001805.png
1806,1743437594.800183,images/frame_001806.png,depth/frame_001806.png
1807,1743437594.832384,images/frame_001807.png,depth/frame_001807.png
1808,1743437594.864374,images/frame_001808.png,depth/frame_001808.png
1809,1743437594.900656,images/frame_001809.png,depth/frame_001809.png
1810,1743437594.932007,images/frame_001810.png,depth/frame_001810.png
1811,1743437594.963715,images/frame_001811.png,depth/frame_001811.png
1812,1743437595.000923,images/frame_001812.png,depth/frame_001812.png
1813,1743437595.033747,images/frame_001813.png,depth/frame_001813.png
1814,1743437595.066192,images/frame_001814.png,depth/frame_001814.png
1815,1743437595.100379,images/frame_001815.png,depth/frame_001815.png
1816,1743437595.131886,images/frame_001816.png,depth/frame_001816.png
1817,1743437595.171366,images/frame_001817.png,depth/frame_001817.png
1818,1743437595.200826,images/frame_001818.png,depth/frame_001818.png
1819,1743437595.236509,images/frame_001819.png,depth/frame_001819.png
1820,1743437595.268674,images/frame_001820.png,depth/frame_001820.png
1821,1743437595.303225,images/frame_001821.png,depth/frame_001821.png
1822,1743437595.337529,images/frame_001822.png,depth/frame_001822.png
1823,1743437595.369986,images/frame_001823.png,depth/frame_001823.png
1824,1743437595.402107,images/frame_001824.png,depth/frame_001824.png
1825,1743437595.435717,images/frame_001825.png,depth/frame_001825.png
1826,1743437595.465268,images/frame_001826.png,depth/frame_001826.png
1827,1743437595.502369,images/frame_001827.png,depth/frame_001827.png
1828,1743437595.533912,images/frame_001828.png,depth/frame_001828.png
1829,1743437595.565809,images/frame_001829.png,depth/frame_001829.png
1830,1743437595.597258,images/frame_001830.png,depth/frame_001830.png
1831,1743437595.630062,images/frame_001831.png,depth/frame_001831.png
1832,1743437595.663996,images/frame_001832.png,depth/frame_001832.png
1833,1743437595.696259,images/frame_001833.png,depth/frame_001833.png
1834,1743437595.731042,images/frame_001834.png,depth/frame_001834.png
1835,1743437595.762100,images/frame_001835.png,depth/frame_001835.png
1836,1743437595.795677,images/frame_001836.png,depth/frame_001836.png
1837,1743437595.831816,images/frame_001837.png,depth/frame_001837.png
1838,1743437595.863003,images/frame_001838.png,depth/frame_001838.png
1839,1743437595.895590,images/frame_001839.png,depth/frame_001839.png
1840,1743437595.927941,images/frame_001840.png,depth/frame_001840.png
1841,1743437595.962050,images/frame_001841.png,depth/frame_001841.png
1842,1743437595.995608,images/frame_001842.png,depth/frame_001842.png
1843,1743437596.026422,images/frame_001843.png,depth/frame_001843.png
1844,1743437596.062370,images/frame_001844.png,depth/frame_001844.png
1845,1743437596.095098,images/frame_001845.png,depth/frame_001845.png
1846,1743437596.127598,images/frame_001846.png,depth/frame_001846.png
1847,1743437596.162030,images/frame_001847.png,depth/frame_001847.png
1848,1743437596.195128,images/frame_001848.png,depth/frame_001848.png
1849,1743437596.228133,images/frame_001849.png,depth/frame_001849.png
1850,1743437596.260738,images/frame_001850.png,depth/frame_001850.png
1851,1743437596.296058,images/frame_001851.png,depth/frame_001851.png
1852,1743437596.330217,images/frame_001852.png,depth/frame_001852.png
1853,1743437596.364549,images/frame_001853.png,depth/frame_001853.png
1854,1743437596.395752,images/frame_001854.png,depth/frame_001854.png
1855,1743437596.428011,images/frame_001855.png,depth/frame_001855.png
1856,1743437596.465338,images/frame_001856.png,depth/frame_001856.png
1857,1743437596.498649,images/frame_001857.png,depth/frame_001857.png
1858,1743437596.530135,images/frame_001858.png,depth/frame_001858.png
1859,1743437596.563021,images/frame_001859.png,depth/frame_001859.png
1860,1743437596.593462,images/frame_001860.png,depth/frame_001860.png
1861,1743437596.625793,images/frame_001861.png,depth/frame_001861.png
1862,1743437596.659683,images/frame_001862.png,depth/frame_001862.png
1863,1743437596.693434,images/frame_001863.png,depth/frame_001863.png
1864,1743437596.727382,images/frame_001864.png,depth/frame_001864.png
1865,1743437596.759891,images/frame_001865.png,depth/frame_001865.png
1866,1743437596.794806,images/frame_001866.png,depth/frame_001866.png
1867,1743437596.827329,images/frame_001867.png,depth/frame_001867.png
1868,1743437596.859374,images/frame_001868.png,depth/frame_001868.png
1869,1743437596.891498,images/frame_001869.png,depth/frame_001869.png
1870,1743437596.926529,images/frame_001870.png,depth/frame_001870.png
1871,1743437596.958132,images/frame_001871.png,depth/frame_001871.png
1872,1743437596.990993,images/frame_001872.png,depth/frame_001872.png
1873,1743437597.023627,images/frame_001873.png,depth/frame_001873.png
1874,1743437597.058836,images/frame_001874.png,depth/frame_001874.png
1875,1743437597.088511,images/frame_001875.png,depth/frame_001875.png
1876,1743437597.121340,images/frame_001876.png,depth/frame_001876.png
1877,1743437597.159826,images/frame_001877.png,depth/frame_001877.png
1878,1743437597.189054,images/frame_001878.png,depth/frame_001878.png
1879,1743437597.221758,images/frame_001879.png,depth/frame_001879.png
1880,1743437597.256824,images/frame_001880.png,depth/frame_001880.png
1881,1743437597.292210,images/frame_001881.png,depth/frame_001881.png
1882,1743437597.324829,images/frame_001882.png,depth/frame_001882.png
1883,1743437597.356388,images/frame_001883.png,depth/frame_001883.png
1884,1743437597.387479,images/frame_001884.png,depth/frame_001884.png
1885,1743437597.422068,images/frame_001885.png,depth/frame_001885.png
1886,1743437597.456803,images/frame_001886.png,depth/frame_001886.png
1887,1743437597.489287,images/frame_001887.png,depth/frame_001887.png
1888,1743437597.521987,images/frame_001888.png,depth/frame_001888.png
1889,1743437597.558175,images/frame_001889.png,depth/frame_001889.png
1890,1743437597.590172,images/frame_001890.png,depth/frame_001890.png
1891,1743437597.624040,images/frame_001891.png,depth/frame_001891.png
1892,1743437597.656674,images/frame_001892.png,depth/frame_001892.png
1893,1743437597.687477,images/frame_001893.png,depth/frame_001893.png
1894,1743437597.721323,images/frame_001894.png,depth/frame_001894.png
1895,1743437597.755752,images/frame_001895.png,depth/frame_001895.png
1896,1743437597.789177,images/frame_001896.png,depth/frame_001896.png
1897,1743437597.820983,images/frame_001897.png,depth/frame_001897.png
1898,1743437597.856269,images/frame_001898.png,depth/frame_001898.png
1899,1743437597.888099,images/frame_001899.png,depth/frame_001899.png
1900,1743437597.920719,images/frame_001900.png,depth/frame_001900.png
1901,1743437597.951446,images/frame_001901.png,depth/frame_001901.png
1902,1743437597.983265,images/frame_001902.png,depth/frame_001902.png
1903,1743437598.018289,images/frame_001903.png,depth/frame_001903.png
1904,1743437598.054295,images/frame_001904.png,depth/frame_001904.png
1905,1743437598.089223,images/frame_001905.png,depth/frame_001905.png
1906,1743437598.121995,images/frame_001906.png,depth/frame_001906.png
1907,1743437598.155114,images/frame_001907.png,depth/frame_001907.png
1908,1743437598.183818,images/frame_001908.png,depth/frame_001908.png
1909,1743437598.219966,images/frame_001909.png,depth/frame_001909.png
1910,1743437598.252920,images/frame_001910.png,depth/frame_001910.png
1911,1743437598.284844,images/frame_001911.png,depth/frame_001911.png
1912,1743437598.318130,images/frame_001912.png,depth/frame_001912.png
1913,1743437598.352648,images/frame_001913.png,depth/frame_001913.png
1914,1743437598.386320,images/frame_001914.png,depth/frame_001914.png
1915,1743437598.421025,images/frame_001915.png,depth/frame_001915.png
1916,1743437598.452815,images/frame_001916.png,depth/frame_001916.png
1917,1743437598.485206,images/frame_001917.png,depth/frame_001917.png
1918,1743437598.518185,images/frame_001918.png,depth/frame_001918.png
1919,1743437598.553936,images/frame_001919.png,depth/frame_001919.png
1920,1743437598.586553,images/frame_001920.png,depth/frame_001920.png
1921,1743437598.620461,images/frame_001921.png,depth/frame_001921.png
1922,1743437598.657392,images/frame_001922.png,depth/frame_001922.png
1923,1743437598.686289,images/frame_001923.png,depth/frame_001923.png
1924,1743437598.715715,images/frame_001924.png,depth/frame_001924.png
1925,1743437598.748216,images/frame_001925.png,depth/frame_001925.png
1926,1743437598.782450,images/frame_001926.png,depth/frame_001926.png
1927,1743437598.818235,images/frame_001927.png,depth/frame_001927.png
1928,1743437598.849921,images/frame_001928.png,depth/frame_001928.png
1929,1743437598.882270,images/frame_001929.png,depth/frame_001929.png
1930,1743437598.916261,images/frame_001930.png,depth/frame_001930.png
1931,1743437598.947578,images/frame_001931.png,depth/frame_001931.png
1932,1743437598.979635,images/frame_001932.png,depth/frame_001932.png
1933,1743437599.015573,images/frame_001933.png,depth/frame_001933.png
1934,1743437599.047557,images/frame_001934.png,depth/frame_001934.png
1935,1743437599.079463,images/frame_001935.png,depth/frame_001935.png
1936,1743437599.115018,images/frame_001936.png,depth/frame_001936.png
1937,1743437599.147876,images/frame_001937.png,depth/frame_001937.png
1938,1743437599.181041,images/frame_001938.png,depth/frame_001938.png
1939,1743437599.215278,images/frame_001939.png,depth/frame_001939.png
1940,1743437599.248082,images/frame_001940.png,depth/frame_001940.png
1941,1743437599.280896,images/frame_001941.png,depth/frame_001941.png
1942,1743437599.318950,images/frame_001942.png,depth/frame_001942.png
1943,1743437599.349113,images/frame_001943.png,depth/frame_001943.png
1944,1743437599.380490,images/frame_001944.png,depth/frame_001944.png
1945,1743437599.411969,images/frame_001945.png,depth/frame_001945.png
1946,1743437599.447527,images/frame_001946.png,depth/frame_001946.png
1947,1743437599.480449,images/frame_001947.png,depth/frame_001947.png
1948,1743437599.513698,images/frame_001948.png,depth/frame_001948.png
1949,1743437599.546697,images/frame_001949.png,depth/frame_001949.png
1950,1743437599.580633,images/frame_001950.png,depth/frame_001950.png
1951,1743437599.612276,images/frame_001951.png,depth/frame_001951.png
1952,1743437599.651264,images/frame_001952.png,depth/frame_001952.png
1953,1743437599.678889,images/frame_001953.png,depth/frame_001953.png
1954,1743437599.709831,images/frame_001954.png,depth/frame_001954.png
1955,1743437599.747666,images/frame_001955.png,depth/frame_001955.png
1956,1743437599.779015,images/frame_001956.png,depth/frame_001956.png
1957,1743437599.809939,images/frame_001957.png,depth/frame_001957.png
1958,1743437599.842698,images/frame_001958.png,depth/frame_001958.png
1959,1743437599.876908,images/frame_001959.png,depth/frame_001959.png
1960,1743437599.907968,images/frame_001960.png,depth/frame_001960.png
1961,1743437599.944031,images/frame_001961.png,depth/frame_001961.png
1962,1743437599.975658,images/frame_001962.png,depth/frame_001962.png
1963,1743437600.009902,images/frame_001963.png,depth/frame_001963.png
1964,1743437600.043883,images/frame_001964.png,depth/frame_001964.png
1965,1743437600.077407,images/frame_001965.png,depth/frame_001965.png
1966,1743437600.111447,images/frame_001966.png,depth/frame_001966.png
1967,1743437600.143433,images/frame_001967.png,depth/frame_001967.png
1968,1743437600.177160,images/frame_001968.png,depth/frame_001968.png
1969,1743437600.211276,images/frame_001969.png,depth/frame_001969.png
1970,1743437600.244863,images/frame_001970.png,depth/frame_001970.png
1971,1743437600.273834,images/frame_001971.png,depth/frame_001971.png
1972,1743437600.305285,images/frame_001972.png,depth/frame_001972.png
1973,1743437600.342192,images/frame_001973.png,depth/frame_001973.png
1974,1743437600.372617,images/frame_001974.png,depth/frame_001974.png
1975,1743437600.409394,images/frame_001975.png,depth/frame_001975.png
1976,1743437600.443674,images/frame_001976.png,depth/frame_001976.png
1977,1743437600.474459,images/frame_001977.png,depth/frame_001977.png
1978,1743437600.505526,images/frame_001978.png,depth/frame_001978.png
1979,1743437600.539445,images/frame_001979.png,depth/frame_001979.png
1980,1743437600.571798,images/frame_001980.png,depth/frame_001980.png
1981,1743437600.603736,images/frame_001981.png,depth/frame_001981.png
1982,1743437600.637535,images/frame_001982.png,depth/frame_001982.png
1983,1743437600.669359,images/frame_001983.png,depth/frame_001983.png
1984,1743437600.705954,images/frame_001984.png,depth/frame_001984.png
1985,1743437600.740331,images/frame_001985.png,depth/frame_001985.png
1986,1743437600.772534,images/frame_001986.png,depth/frame_001986.png
1987,1743437600.804415,images/frame_001987.png,depth/frame_001987.png
1988,1743437600.836278,images/frame_001988.png,depth/frame_001988.png
1989,1743437600.868330,images/frame_001989.png,depth/frame_001989.png
1990,1743437600.903028,images/frame_001990.png,depth/frame_001990.png
1991,1743437600.934881,images/frame_001991.png,depth/frame_001991.png
1992,1743437600.969391,images/frame_001992.png,depth/frame_001992.png
1993,1743437601.004307,images/frame_001993.png,depth/frame_001993.png
1994,1743437601.037526,images/frame_001994.png,depth/frame_001994.png
1995,1743437601.072840,images/frame_001995.png,depth/frame_001995.png
1996,1743437601.103782,images/frame_001996.png,depth/frame_001996.png
1997,1743437601.137491,images/frame_001997.png,depth/frame_001997.png
1998,1743437601.170650,images/frame_001998.png,depth/frame_001998.png
1999,1743437601.202237,images/frame_001999.png,depth/frame_001999.png
2000,1743437601.234488,images/frame_002000.png,depth/frame_002000.png
2001,1743437601.268394,images/frame_002001.png,depth/frame_002001.png
2002,1743437601.300965,images/frame_002002.png,depth/frame_002002.png
2003,1743437601.335454,images/frame_002003.png,depth/frame_002003.png
2004,1743437601.367517,images/frame_002004.png,depth/frame_002004.png
2005,1743437601.405022,images/frame_002005.png,depth/frame_002005.png
2006,1743437601.434433,images/frame_002006.png,depth/frame_002006.png
2007,1743437601.468713,images/frame_002007.png,depth/frame_002007.png
2008,1743437601.500072,images/frame_002008.png,depth/frame_002008.png
2009,1743437601.536040,images/frame_002009.png,depth/frame_002009.png
2010,1743437601.570808,images/frame_002010.png,depth/frame_002010.png
2011,1743437601.604684,images/frame_002011.png,depth/frame_002011.png
2012,1743437601.632891,images/frame_002012.png,depth/frame_002012.png
2013,1743437601.668099,images/frame_002013.png,depth/frame_002013.png
2014,1743437601.707010,images/frame_002014.png,depth/frame_002014.png
2015,1743437601.734416,images/frame_002015.png,depth/frame_002015.png
2016,1743437601.776052,images/frame_002016.png,depth/frame_002016.png
2017,1743437601.800244,images/frame_002017.png,depth/frame_002017.png
2018,1743437601.830427,images/frame_002018.png,depth/frame_002018.png
2019,1743437601.868522,images/frame_002019.png,depth/frame_002019.png
2020,1743437601.903134,images/frame_002020.png,depth/frame_002020.png
2021,1743437601.935616,images/frame_002021.png,depth/frame_002021.png
2022,1743437601.966358,images/frame_002022.png,depth/frame_002022.png
2023,1743437602.000454,images/frame_002023.png,depth/frame_002023.png
2024,1743437602.035928,images/frame_002024.png,depth/frame_002024.png
2025,1743437602.071762,images/frame_002025.png,depth/frame_002025.png
2026,1743437602.099892,images/frame_002026.png,depth/frame_002026.png
2027,1743437602.132997,images/frame_002027.png,depth/frame_002027.png
2028,1743437602.166001,images/frame_002028.png,depth/frame_002028.png
2029,1743437602.197916,images/frame_002029.png,depth/frame_002029.png
2030,1743437602.232286,images/frame_002030.png,depth/frame_002030.png
2031,1743437602.265240,images/frame_002031.png,depth/frame_002031.png
2032,1743437602.298386,images/frame_002032.png,depth/frame_002032.png
2033,1743437602.328939,images/frame_002033.png,depth/frame_002033.png
2034,1743437602.360907,images/frame_002034.png,depth/frame_002034.png
2035,1743437602.395564,images/frame_002035.png,depth/frame_002035.png
2036,1743437602.430243,images/frame_002036.png,depth/frame_002036.png
2037,1743437602.461573,images/frame_002037.png,depth/frame_002037.png
2038,1743437602.493833,images/frame_002038.png,depth/frame_002038.png
2039,1743437602.530222,images/frame_002039.png,depth/frame_002039.png
2040,1743437602.563559,images/frame_002040.png,depth/frame_002040.png
2041,1743437602.597802,images/frame_002041.png,depth/frame_002041.png
2042,1743437602.628945,images/frame_002042.png,depth/frame_002042.png
2043,1743437602.665574,images/frame_002043.png,depth/frame_002043.png
2044,1743437602.696081,images/frame_002044.png,depth/frame_002044.png
2045,1743437602.729526,images/frame_002045.png,depth/frame_002045.png
2046,1743437602.763384,images/frame_002046.png,depth/frame_002046.png
2047,1743437602.797246,images/frame_002047.png,depth/frame_002047.png
2048,1743437602.830111,images/frame_002048.png,depth/frame_002048.png
2049,1743437602.866375,images/frame_002049.png,depth/frame_002049.png
2050,1743437602.897148,images/frame_002050.png,depth/frame_002050.png
2051,1743437602.928048,images/frame_002051.png,depth/frame_002051.png
2052,1743437602.959880,images/frame_002052.png,depth/frame_002052.png
2053,1743437602.992884,images/frame_002053.png,depth/frame_002053.png
2054,1743437603.027257,images/frame_002054.png,depth/frame_002054.png
2055,1743437603.060817,images/frame_002055.png,depth/frame_002055.png
